/*
truncate "Factions";
truncate "ProtoWarriors";
truncate "ProtoBuildings";
truncate "Localizations";
truncate "Maps";
truncate "MapBuildings";
truncate "PlayerOptions";
*/
INSERT INTO "Factions" ("Id" ,"Number") VALUES
('Humans' ,1),
('Elves' ,2),
('Necros' ,3),
('Mages' ,4),
('Horde' ,5)
;
INSERT INTO "ProtoWarriors" ("Id" ,"Number" ,"FactionId" ,"Force" ,"AssetId","IsHero","IsRanged","IsMelee","IsBlockFree","IsImmune","InLife","InMana","InMoves","InActs","InShots","Cost", "Abilities") VALUES 
('Pikeman',1,'Humans',/*force*/1,'Pikeman',false/*Hero*/,false/*Ranged*/,true/*Melee*/,false/*BlockFree*/,false/*Immune*/,1/*Life*/,0/*Mana*/,1/*Moves*/,1/*Acts*/,0/*Shots*/,2/*Cost*/,'')   ,
('Archer',2,'Humans',/*force*/2,'Archer',false/*Hero*/,true/*Ranged*/,true/*Melee*/,false/*BlockFree*/,false/*Immune*/,1/*Life*/,0/*Mana*/,1/*Moves*/,1/*Acts*/,2/*Shots*/,3/*Cost*/,'')    ,
('Eagle',3,'Humans',/*force*/3,'Eagle',false/*Hero*/,false/*Ranged*/,true/*Melee*/,true/*BlockFree*/,false/*Immune*/,1/*Life*/,0/*Mana*/,4/*Moves*/,1/*Acts*/,0/*Shots*/,4/*Cost*/,'')     ,
('Horseman',4,'Humans',/*force*/4,'Horseman',false/*Hero*/,false/*Ranged*/,true/*Melee*/,true/*BlockFree*/,false/*Immune*/,2/*Life*/,0/*Mana*/,3/*Moves*/,1/*Acts*/,0/*Shots*/,5/*Cost*/,'Joust')  ,
('Elephant',5,'Humans',/*force*/5,'Elephant',false/*Hero*/,false/*Ranged*/,true/*Melee*/,false/*BlockFree*/,false/*Immune*/,4/*Life*/,0/*Mana*/,1/*Moves*/,1/*Acts*/,0/*Shots*/,6/*Cost*/,'')  ,
('Knight',6,'Humans',/*force*/4,'Knight',true/*Hero*/,true/*Ranged*/,true/*Melee*/,true/*BlockFree*/,false/*Immune*/,2/*Life*/,3/*Mana*/,3/*Moves*/,1/*Acts*/,2/*Shots*/,0/*Cost*/,'Joust')    ,

('Scout',7,'Elves',/*force*/1,'Scout',false/*Hero*/,false/*Ranged*/,true/*Melee*/,false/*BlockFree*/,false/*Immune*/,1/*Life*/,0/*Mana*/,1/*Moves*/,2/*Acts*/,0/*Shots*/,2/*Cost*/,'')      ,
('Sniper',8,'Elves',/*force*/2,'Sniper',false/*Hero*/,true/*Ranged*/,false/*Melee*/,false/*BlockFree*/,false/*Immune*/,1/*Life*/,0/*Mana*/,1/*Moves*/,1/*Acts*/,3/*Shots*/,3/*Cost*/,'')     ,
('Dryad',9,'Elves',/*force*/3,'Dryad',false/*Hero*/,false/*Ranged*/,true/*Melee*/,false/*BlockFree*/,false/*Immune*/,1/*Life*/,0/*Mana*/,1/*Moves*/,1/*Acts*/,0/*Shots*/,4/*Cost*/,'')      ,
('Unicorn',10,'Elves',/*force*/4,'Unicorn',false/*Hero*/,false/*Ranged*/,true/*Melee*/,true/*BlockFree*/,false/*Immune*/,2/*Life*/,0/*Mana*/,3/*Moves*/,1/*Acts*/,0/*Shots*/,5/*Cost*/,'AntimagicAura')   ,
('Ent',11,'Elves',/*force*/5,'Ent',false/*Hero*/,false/*Ranged*/,true/*Melee*/,false/*BlockFree*/,false/*Immune*/,4/*Life*/,2/*Mana*/,1/*Moves*/,1/*Acts*/,0/*Shots*/,6/*Cost*/,'')       ,
('Druid',12,'Elves',/*force*/2,'Druid',true/*Hero*/,true/*Ranged*/,true/*Melee*/,false/*BlockFree*/,false/*Immune*/,2/*Life*/,3/*Mana*/,1/*Moves*/,1/*Acts*/,3/*Shots*/,0/*Cost*/,'')     ,

('Ghoul',13,'Necros',/*force*/1,'Ghoul',false/*Hero*/,false/*Ranged*/,true/*Melee*/,false/*BlockFree*/,false/*Immune*/,1/*Life*/,0/*Mana*/,1/*Moves*/,1/*Acts*/,0/*Shots*/,2/*Cost*/,'')    ,
('Lich',14,'Necros',/*force*/2,'Lich',false/*Hero*/,true/*Ranged*/,false/*Melee*/,false/*BlockFree*/,true/*Immune*/,1/*Life*/,2/*Mana*/,1/*Moves*/,1/*Acts*/,2/*Shots*/,3/*Cost*/,'')     ,
('Ghost',15,'Necros',/*force*/3,'Ghost',false/*Hero*/,false/*Ranged*/,true/*Melee*/,false/*BlockFree*/,false/*Immune*/,1/*Life*/,0/*Mana*/,4/*Moves*/,1/*Acts*/,0/*Shots*/,4/*Cost*/,'')    ,
('Nightmare',16,'Necros',/*force*/4,'Nightmare',false/*Hero*/,false/*Ranged*/,true/*Melee*/,true/*BlockFree*/,false/*Immune*/,2/*Life*/,3/*Mana*/,3/*Moves*/,1/*Acts*/,0/*Shots*/,5/*Cost*/,''),
('Mutant',17,'Necros',/*force*/5,'Mutant',false/*Hero*/,false/*Ranged*/,true/*Melee*/,false/*BlockFree*/,false/*Immune*/,4/*Life*/,0/*Mana*/,1/*Moves*/,1/*Acts*/,0/*Shots*/,6/*Cost*/,'')   ,
('Vampire',18,'Necros',/*force*/1,'Vampire',true/*Hero*/,false/*Ranged*/,true/*Melee*/,false/*BlockFree*/,false/*Immune*/,2/*Life*/,3/*Mana*/,2/*Moves*/,1/*Acts*/,0/*Shots*/,0/*Cost*/,'')  ,

('Golem',19,'Mages',/*force*/1,'Golem',false/*Hero*/,false/*Ranged*/,true/*Melee*/,false/*BlockFree*/,true/*Immune*/,1/*Life*/,0/*Mana*/,1/*Moves*/,1/*Acts*/,0/*Shots*/,2/*Cost*/,'')     ,
('Mage',20,'Mages',/*force*/2,'Mage',false/*Hero*/,true/*Ranged*/,false/*Melee*/,false/*BlockFree*/,false/*Immune*/,1/*Life*/,2/*Mana*/,1/*Moves*/,1/*Acts*/,2/*Shots*/,3/*Cost*/,'')      ,
('Gargoyle',21,'Mages',/*force*/3,'Gargoyle',false/*Hero*/,false/*Ranged*/,true/*Melee*/,false/*BlockFree*/,false/*Immune*/,1/*Life*/,0/*Mana*/,4/*Moves*/,1/*Acts*/,0/*Shots*/,4/*Cost*/,'')  ,
('Lion',22,'Mages',/*force*/4,'Lion',false/*Hero*/,false/*Ranged*/,true/*Melee*/,true/*BlockFree*/,false/*Immune*/,2/*Life*/,0/*Mana*/,3/*Moves*/,1/*Acts*/,0/*Shots*/,5/*Cost*/,'')      ,
('Giant',23,'Mages',/*force*/5,'Giant',false/*Hero*/,false/*Ranged*/,true/*Melee*/,false/*BlockFree*/,false/*Immune*/,4/*Life*/,2/*Mana*/,1/*Moves*/,1/*Acts*/,0/*Shots*/,6/*Cost*/,'')     ,
('Genie',24,'Mages',/*force*/3,'Genie',true/*Hero*/,false/*Ranged*/,true/*Melee*/,false/*BlockFree*/,true/*Immune*/,2/*Life*/,4/*Mana*/,1/*Moves*/,1/*Acts*/,0/*Shots*/,0/*Cost*/,'')     ,

('Goblin',25,'Horde',/*force*/1,'Goblin',false/*Hero*/,false/*Ranged*/,true/*Melee*/,false/*BlockFree*/,false/*Immune*/,1/*Life*/,0/*Mana*/,1/*Moves*/,1/*Acts*/,0/*Shots*/,2/*Cost*/,'')     ,
('Orc',26,'Horde',/*force*/2,'Orc',false/*Hero*/,true/*Ranged*/,false/*Melee*/,false/*BlockFree*/,false/*Immune*/,1/*Life*/,0/*Mana*/,1/*Moves*/,1/*Acts*/,2/*Shots*/,3/*Cost*/,'')        ,
('Wyvern',27,'Horde',/*force*/3,'Wyvern',false/*Hero*/,false/*Ranged*/,true/*Melee*/,false/*BlockFree*/,false/*Immune*/,1/*Life*/,0/*Mana*/,4/*Moves*/,1/*Acts*/,0/*Shots*/,4/*Cost*/,'')     ,
('Rider',28,'Horde',/*force*/4,'Rider',false/*Hero*/,false/*Ranged*/,true/*Melee*/,true/*BlockFree*/,false/*Immune*/,2/*Life*/,0/*Mana*/,3/*Moves*/,1/*Acts*/,0/*Shots*/,5/*Cost*/,'')      ,
('Ogre',29,'Horde',/*force*/5,'Ogre',false/*Hero*/,false/*Ranged*/,true/*Melee*/,false/*BlockFree*/,false/*Immune*/,4/*Life*/,0/*Mana*/,1/*Moves*/,1/*Acts*/,0/*Shots*/,6/*Cost*/,'')       ,
('Cyclop',30,'Horde',/*force*/2,'Cyclop',true/*Hero*/,false/*Ranged*/,true/*Melee*/,false/*BlockFree*/,false/*Immune*/,1/*Life*/,0/*Mana*/,1/*Moves*/,1/*Acts*/,0/*Shots*/,0/*Cost*/,'')


;
INSERT INTO "Abilities" ("Id" ,"Number" ,"InitialPoints" ,"Ability" ,"AssetId") VALUES
('Joust', 1, 3, 'abJoust', 'Joust'),
('AntimagicAura', 2, 0, 'abMagAura', 'AntimagicAura')

;
INSERT INTO "ProtoBuildings" ("Id" ,"Number" ,"InLife" ,"AssetId","BuildingType") VALUES
('Tower',1,4,'Tower',1),
('Wall',2,2,'Wall',2),
('Trap',3,2,'Trap',3),
('TreeWall',4,2,'TreeWall',4),
('Tree',5,2,'Tree',4)

;
INSERT INTO "Localizations" ("TermId" ,"LanguageCode" ,"Value") VALUES
('HumansFactionName', 'English', N'Humans'),
('HumansFactionDescription', 'English', N'Humans have strong cavalry and brave disciplined army, loyal to their mighty hero-Knight with tactical skills and holy powers'),
('ElvesFactionName', 'English', N'Elves'),
('ElvesFactionDescription', 'English', N'Elves have strong archers and enchanted creatures of the forrest, hero-Druid helps them to reveal Nature powers'),
('NecrosFactionName', 'English', N'Necros'),
('NecrosFactionDescription', 'English', N'Necros are magically stabilized organisms, that could be revived by hero-Vampire, with strong infantry and frightening monsters as allies'),
('MagesFactionName', 'English', N'Mages'),
('MagesFactionDescription', 'English', N'Mages are powered with magic and antimagic abilities, they have elemental and mechanical creatures and hero - powerful Genie'),
('HordeFactionName', 'English', N'Horde'),
('HordeFactionDescription', 'English', N'Warriors of the steppes and deserts are distinguished by endurance and mobility and the absolute non-recognition of higher magic. Their Hero - the mighty Cyclops - is capable of destroying buildings'),
('HumansFactionName', 'Russian', N'Люди'),
('HumansFactionDescription', 'Russian', N'У людей сильная кавалерия и смелая дисциплинированная армия, верная своему могучему Герою - Рыцарю с тактическими навыками и святыми силами'),
('ElvesFactionName', 'Russian', N'Эльфы'),
('ElvesFactionDescription', 'Russian', N'У эльфов есть сильные лучники, и зачарованные создания леса, Герой - Друид помогает им раскрыть силы природы'),
('NecrosFactionName', 'Russian', N'Некры'),
('NecrosFactionDescription', 'Russian', N'Нежить - поднятые из могил и призванные слуги Героя - Вампира, могущего звать и отзывать силу Смерти'),
('MagesFactionName', 'Russian', N'Маги'),
('MagesFactionDescription', 'Russian', N'Маги и волшебники в совершенстве владеют магическими и антимагическими способностями, у них есть стихийные и механические существа и Герой - могущественный Джинн'),
('HordeFactionName', 'Russian', N'Орда'),
('HordeFactionDescription', 'Russian', N'Воинов степей и пустынь отличает выносливость, мобильность и абсолютное непризнание высшей магии. Их Герой - могучий Циклоп - способен разрушать постройки'),
('HumansFactionName', 'Ukrainian', N'Люди'),
('HumansFactionDescription', 'Ukrainian', N'У людей сильна кавалерія та смілива дисциплінована армія, вірна своєму могутньому Герою - Лицарю з тактичними навичками та святими силами'),
('ElvesFactionName', 'Ukrainian', N'Ельфи'),
('ElvesFactionDescription', 'Ukrainian', N'У ельфів є сильні лучники, і зачаровані створіння лісу, Герой - Друїд допомагає їм розкрити сили природи'),
('NecrosFactionName', 'Ukrainian', N'Некри'),
('NecrosFactionDescription', 'Ukrainian', N'Нежить - підняті з могил і покликані слуги Героя - Вампіра, який може кликати та відкликати силу Смерті'),
('MagesFactionName', 'Ukrainian', N'Маги'),
('MagesFactionDescription', 'Ukrainian', N'Маги та чарівники досконало володіють магічними та антимагічними здібностями, у них є стихійні та механічні істоти та Герой - могутній Джинн'),
('HordeFactionName', 'Ukrainian', N'Орда'),
('HordeFactionDescription', 'Ukrainian', N'Воїнів степів і пустель відрізняє витривалість і мобільність та абсолютне невизнання вищої магії. Їхній Герой - могутній Циклоп - здатний руйнувати будівлі'),

('PikemanWarriorName', 'English', N'Pikeman'),
('PikemanWarriorDescription', 'English', N'Pikeman is good infantry, always ready to fight bravely'),
('ArcherWarriorName', 'English', N'Archer'),
('ArcherWarriorDescription', 'English', N'Archer is good shooter with high discipline'),
('EagleWarriorName', 'English', N'Eagle'),
('EagleWarriorDescription', 'English', N'Eagle is fast but weak predator bird'),
('HorsemanWarriorName', 'English', N'Horseman'),
('HorsemanWarriorDescription', 'English', N'Horseman is strong cavalry, with jousting he fights fast and effective'),
('ElephantWarriorName', 'English', N'Elephant'),
('ElephantWarriorDescription', 'English', N'Elefant is wellknown for its strength and toughness, it is able to crush fortifications, its natural rage makes him fearless and unstopable'),
('KnightWarriorName', 'English', N'Knight'),
('KnightWarriorDescription', 'English', N'Knight is a horseman with crossbow and spear, has jousting, casts holy light spell that stuns enemies, and heals his allies'),
('ScoutWarriorName', 'English', N'Scout'),
('ScoutWarriorDescription', 'English', N'Elf scout is fighter with two blades, he is well trained to strike two targets and has great agility to avoid jousting'),
('SniperWarriorName', 'English', N'Sniper'),
('SniperWarriorDescription', 'English', N'Elf sniper is a master-archer, able to shot more often than average shooter'),
('DryadWarriorName', 'English', N'Dryad'),
('DryadWarriorDescription', 'English', N'Dryad is a forrest mystical creature, it can absorb hostile magic, extract mana from it and then pass it to Druid'),
('UnicornWarriorName', 'English', N'Unicorn'),
('UnicornWarriorDescription', 'English', N'Unicorn is Elven cavalry that fights fiercely and protects allies, it provides allies with antimagic to hostile spells'),
('EntWarriorName', 'English', N'Ent'),
('EntWarriorDescription', 'English', N'Ent is unique creature of Nature, ancient nation of semitrees, their powerful Roots are able to ruin objects or entangle enemies'),
('DruidWarriorName', 'English', N'Druid'),
('DruidWarriorDescription', 'English', N'Druid is a well-trained Elven prince with ranged and melee weapons, with his extraagility he dodges shots or jousting strikes, calls to Nature to grow "Treewall" and "Roots" and able to shoot "Chanted arrow"'),
('GhoulWarriorName', 'English', N'Ghoul'),
('GhoulWarriorDescription', 'English', N'Ghoul is raised undead, projectiles have no effect piercing its flesh, they do not feel pain'),
('LichWarriorName', 'English', N'Lich'),
('LichWarriorDescription', 'English', N'Lich is sorcerer who cheated death using strong magic, that also counters enemy magic, he casts "Weakness", that slows enemies'),
('GhostWarriorName', 'English', N'Ghost'),
('GhostWarriorDescription', 'English', N'Ghost is half-material spirit of dead, it dissolves through objects, but affected to weapon and magic, those free the spirit, and it can''t be returned'),
('NightmareWarriorName', 'English', N'Nightmare'),
('NightmareWarriorDescription', 'English', N'Nightmare is fearsome halfdead werewolf beast, it can fears enemies with its outofthegrave scream'),
('MutantWarriorName', 'English', N'Mutant'),
('MutantWarriorDescription', 'English', N'Mutant is huge agglomerate of undead flesh, that smashes everything nearby, gathers and swallows dead bodies healing himself'),
('VampireWarriorName', 'English', N'Vampire'),
('VampireWarriorDescription', 'English', N'Vampire exchanged poor existence to Eternal Life, granted by constant draining others live powers. He paralyses enemies with hypnotic Fear and can rise Undead, for they to serve Death'),
('GolemWarriorName', 'English', N'Golem'),
('GolemWarriorDescription', 'English', N'Golem is magically animated fighting mechanism, that magic counters any other magic aimed on Golem, dismatled Golem looses all magic and becomes useless'),
('MageWarriorName', 'English', N'Mage'),
('MageWarriorDescription', 'English', N'Mage is a sorcerer, who spent all his life to study Magic. In battle he uses magiс to fire missiles into enemies and also protects allied warriors from enemy shots'),
('GargoyleWarriorName', 'English', N'Gargoyle'),
('GargoyleWarriorDescription', 'English', N'Gargoyle is a magical composition of elemental spirit and a stoneshell. The connection is quite thin and magic or shot rips it. Fortunately Giants can inspire the spiritless body if it wasn''t broken'),
('LionWarriorName', 'English', N'Lion'),
('LionWarriorDescription', 'English', N'Lion is a King of animals, trained by mages to execute their orders. He rushes towards enemies and jumps over their heads to make furious attacks in backlines, thus making enemies feel uncomfortable with Lions'),
('GiantWarriorName', 'English', N'Giant'),
('GiantWarriorDescription', 'English', N'Giant is of the same age as Gods, whose life goes to Eternity. His elemental spirit isn''t bound to body and can travel alone, in his powers - the inspiration of defeated Gargoyle, sharing part of spirit with them and bringing the control of Gargoyle back'),
('GenieWarriorName', 'English', N'Genie'),
('GenieWarriorDescription', 'English', N'Genie is the Master of Magic. He causes destructible Earthquakes and fires a ray of pure magic into enemies. With his mercy he grants his allies with haste and shares with them his antimagic protection for a while'),
('GoblinWarriorName', 'English', N'Goblin'),
('GoblinWarriorDescription', 'English', N''),
('OrcWarriorName', 'English', N'Orc'),
('OrcWarriorDescription', 'English', N''),
('WyvernWarriorName', 'English', N'Wyvern'),
('WyvernWarriorDescription', 'English', N''),
('RaiderWarriorName', 'English', N'Raider'),
('RaiderWarriorDescription', 'English', N''),
('OgreWarriorName', 'English', N'Ogre'),
('OgreWarriorDescription', 'English', N''),
('CyclopWarriorName', 'English', N'Cyclop'),
('CyclopWarriorDescription', 'English', N''),

('PikemanWarriorName', 'Russian', N'Копейщик'),
('PikemanWarriorDescription', 'Russian', N'Копейщики - отличные пехотинцы, доблестно сражающиеся и храбро защищающие своих'),
('ArcherWarriorName', 'Russian', N'Лучник'),
('ArcherWarriorDescription', 'Russian', N'Лучники - высоко дисциплинированы, и сосредоточены на исполнении боевого приказа'),
('EagleWarriorName', 'Russian', N'Орел'),
('EagleWarriorDescription', 'Russian', N'Орлы очень быстры, они - лучшие хищники и тренированы людьми для избегания сражений, но их защищенность мала'),
('HorsemanWarriorName', 'Russian', N'Конник'),
('HorsemanWarriorDescription', 'Russian', N'Мощная кавалерия из дворян, тренированные для турнирных разящих забегов'),
('ElephantWarriorName', 'Russian', N'Слон'),
('ElephantWarriorDescription', 'Russian', N'Слон - могучее и сильное животное, приучено людьми к войне и осадным приемам, природная ярость делает его бесстрашным и неостановимым'),
('KnightWarriorName', 'Russian', N'Рыцарь'),
('KnightWarriorDescription', 'Russian', N'Рыцарь - конный воин с копьем для разящих наскоков и арбалетом для стрельбы, возносит молитвы Свету для лечения воинов и раскрывает для Света себя - излучая слепящий "Ореол", что лишает противника боеспособности'),
('ScoutWarriorName', 'Russian', N'Скаут'),
('ScoutWarriorDescription', 'Russian', N'Скауты - бойцы с 2 клинками с неимоверной ловкостью, их реакция позволяет наносить им 2 удара и позволяет увернуться от разящих ударов с разгона'),
('SniperWarriorName', 'Russian', N'Снайпер'),
('SniperWarriorDescription', 'Russian', N'Снайперы Эльфов - лучшие стрелки, стреляющие чаще, чем остальные'),
('DryadWarriorName', 'Russian', N'Дриада'),
('DryadWarriorDescription', 'Russian', N'Дриады - мистические духи леса, сгустки энергии в телесной оболочке, способные поглощать магические потоки и передавать их Друиду'),
('UnicornWarriorName', 'Russian', N'Единорог'),
('UnicornWarriorDescription', 'Russian', N'Единорог - легендарное животное, защищающее дружественных существ Лесных эльфов от враждебной магии'),
('EntWarriorName', 'Russian', N'Энт'),
('EntWarriorDescription', 'Russian', N'Энты - уникальные Древние создания Природы, способные опутывать своими корнями врагов и обладающие огромной силой, способной разрушать объекты'),
('DruidWarriorName', 'Russian', N'Друид'),
('DruidWarriorDescription', 'Russian', N'Друид - высший Эльф королевских кровей. Прекрасный стрелок и боец, может ускользать от Наскока и вражеских стрел, зачаровывать свои стрелы, и, взывая к природе, в миг растить "Стены леса" и "Корни"'),
('GhoulWarriorName', 'Russian', N'Упырь'),
('GhoulWarriorDescription', 'Russian', N'Упыри - поднятая Вампиром нежить, не чувствующая боли и не получающая никакого урона от обычных стрел'),
('LichWarriorName', 'Russian', N'Лич'),
('LichWarriorDescription', 'Russian', N'Лич - Колдун, обманувший саму Смерть, полностью неуязвимый к магии и способный насылать чары "Замедление", отнимающие силы врага'),
('GhostWarriorName', 'Russian', N'Призрак'),
('GhostWarriorDescription', 'Russian', N'Призрак - дух мертвого, имеющий полуматериальное тело, просачивающийся сквозь объекты, но уязвимый к оружию и магии, ибо то освобождает его от загробных оков, и больше оно не возвращается к жизни'),
('NightmareWarriorName', 'Russian', N'Кошмар'),
('NightmareWarriorDescription', 'Russian', N'Полумёртвое подобие оборотня, способное издавать ужасающие вопли ужаса, заставляющие врагов замереть в страхе от близкой смерти'),
('MutantWarriorName', 'Russian', N'Мутант'),
('MutantWarriorDescription', 'Russian', N'Огромная  тварь, гора мертвых тел плоти, крушащая всё на своем пути, и затягивающая в себя трупы для восстановления жизни'),
('VampireWarriorName', 'Russian', N'Вампир'),
('VampireWarriorDescription', 'Russian', N'Вампир поменял никчёмную смертную жизнь на бессмертие, даруемое постоянным поглощением чужой крови. Помимо изъятия чужих жизней, он парализует врагов гипнотическим ужасом и способен поднимать мертвых, дабы они служили Смерти'),
('GolemWarriorName', 'Russian', N'Голем'),
('GolemWarriorDescription', 'Russian', N'Голем - магически оживленный боевой механизм из мастерских магов, он неуязвим к магическим воздействиям из-за магии внутри, но разрушенный механизм теряет магию'),
('MageWarriorName', 'Russian', N'Маг'),
('MageWarriorDescription', 'Russian', N'Маг - чародей, потративший большую часть жизни на изучение законов магии. В бою обрушивает на врагов всю ярость магических потоков и способен защитить союзников от выстрелов противника'),
('GargoyleWarriorName', 'Russian', N'Горгулья'),
('GargoyleWarriorDescription', 'Russian', N'Горгулья - Магический сплав духа и каменной оболочки. К большому сожалению магов, связь между телом и духом весьма хрупкая и часто рвется. К счастью, союзники-Гиганты способны легко вернуть безжизненных, но не разрушенных Горгулий, в строй'),
('LionWarriorName', 'Russian', N'Лев'),
('LionWarriorDescription', 'Russian', N'Лев - Царь зверей, прирученный магами, послушно выполняющий любые их приказы. Совершающий на разгоне огромные прыжки даже через фронт врага, он внушает беспокойство любым противникам'),
('GiantWarriorName', 'Russian', N'Гигант'),
('GiantWarriorDescription', 'Russian', N'Гигант - Ровесник самих Богов, чья жизнь уходит в саму Вечность. Его дух не скован тесными рамками тела и способен вселяться в механические тела Горгулий, возвращая контроль над ними магам'),
('GenieWarriorName', 'Russian', N'Джинн'),
('GenieWarriorDescription', 'Russian', N'Джинн - Повелитель магии. Ради развлечения вызывает разрушительные землятресения и поражает врагов смертоносным лучом чистейшей магической энергии. В знак особой милости наделяет своих слуг Ускорением и делится на время своей абсолютной защитой от магии'),
('GoblinWarriorName', 'Russian', N'Гоблин'),
('GoblinWarriorDescription', 'Russian', N'Гоблины - пешие воины, храбро сражающиеся за Орду'),
('OrcWarriorName', 'Russian', N'Орк'),
('OrcWarriorDescription', 'Russian', N'Орки благодаря своей силе и ловкости точно метают топоры во врагов'),
('WyvernWarriorName', 'Russian', N'Виверна'),
('WyvernWarriorDescription', 'Russian', N''),
('RaiderWarriorName', 'Russian', N'Наездник'),
('RaiderWarriorDescription', 'Russian', N'Наездники на варгах могут очень быстро преодолевать большие расстояния'),
('OgreWarriorName', 'Russian', N'Огр'),
('OgreWarriorDescription', 'Russian', N''),
('CyclopWarriorName', 'Russian', N'Циклоп'),
('CyclopWarriorDescription', 'Russian', N''),

('PikemanWarriorName', 'Ukrainian', N'Копійник'),
('PikemanWarriorDescription', 'Ukrainian', N'Копійники - чудові піхотинці, що доблесно б''ються і хоробро захищають своїх'),
('ArcherWarriorName', 'Ukrainian', N'Лучник'),
('ArcherWarriorDescription', 'Ukrainian', N'Лучники - високо дисципліновані та зосереджені на виконанні бойового наказу'),
('EagleWarriorName', 'Ukrainian', N'Орел'),
('EagleWarriorDescription', 'Ukrainian', N'Орли дуже швидкі, вони - найкращі хижаки і треновані людьми для уникнення битв, але їхня захищеність мала'),
('HorsemanWarriorName', 'Ukrainian', N'Вершник'),
('HorsemanWarriorDescription', 'Ukrainian', N'Потужна кавалерія з дворян, треновані для турнірних забігів.'),
('ElephantWarriorName', 'Ukrainian', N'Слон'),
('ElephantWarriorDescription', 'Ukrainian', N'Слон - могутня і сильна тварина, привчена людьми до війни та облогових прийомів, природна лють робить її безстрашною та непереборною'),
('KnightWarriorName', 'Ukrainian', N'Лицар'),
('KnightWarriorDescription', 'Ukrainian', N'Лицар - кінний воїн зі списом для разючих наскоків і арбалетом, підносить молитви Світлу для лікування воїнів і розкриває себе для Світла - випромінюючи сліпучий "Ореол", що позбавляє противника боєздатності'),
('ScoutWarriorName', 'Ukrainian', N'Скаут'),
('ScoutWarriorDescription', 'Ukrainian', N'Скаути - бійці з 2 клинками з неймовірною спритністю, їх реакція дозволяє наносити їм 2 удари і дозволяє ухилитися від разючих ударів з розгону'),
('SniperWarriorName', 'Ukrainian', N'Снайпер'),
('SniperWarriorDescription', 'Ukrainian', N'Снайпери Ельфів - найкращі стрілки, що стріляють частіше, ніж інші'),
('DryadWarriorName', 'Ukrainian', N'Дріада'),
('DryadWarriorDescription', 'Ukrainian', N'Дріади - містичні духи лісу, згустки енергії в тілесній оболонці, здатні поглинати магічні потоки та передавати їх Друїду'),
('UnicornWarriorName', 'Ukrainian', N'Єдиноріг'),
('UnicornWarriorDescription', 'Ukrainian', N'Єдиноріг - легендарна тварина, що захищає дружніх істот Лісових ельфів від ворожої магії'),
('EntWarriorName', 'Ukrainian', N'Ент'),
('EntWarriorDescription', 'Ukrainian', N'Енти - унікальні стародавні істоти Природи, здатні обплутувати своїм корінням ворогів і володіють величезною силою, здатною руйнувати об''єкти'),
('DruidWarriorName', 'Ukrainian', N'Друїд'),
('DruidWarriorDescription', 'Ukrainian', N'Друїд - найвищий Ельф королівської крові. Прекрасний стрілець і боєць, може вислизати від Наскока та ворожих стріл, зачаровувати свої стріли, і, звертаючись до природи, в мить вирощувати "Стіни лісу" та "Коріння"'),
('GhoulWarriorName', 'Ukrainian', N'Гуль'),
('GhoulWarriorDescription', 'Ukrainian', N'Упирі - піднята Вампіром нежить, що не відчуває болю і не отримує жодної шкоди від звичайних стріл'),
('LichWarriorName', 'Ukrainian', N'Ліч'),
('LichWarriorDescription', 'Ukrainian', N'Ліч - Чаклун, що обдурив саму Смерть, повністю невразливий до магії і здатний насилати чари "Уповільнення", що забирають сили ворога.'),
('GhostWarriorName', 'Ukrainian', N'Привид'),
('GhostWarriorDescription', 'Ukrainian', N'Привид - дух мертвого, що має напівматеріальне тіло, що просочується крізь об''єкти, але вразливий до зброї та магії, бо звільняє його від потойбічних кайданів, і більше воно не повертається до життя'),
('NightmareWarriorName', 'Ukrainian', N'Жах'),
('NightmareWarriorDescription', 'Ukrainian', N'Напівмертва подібність перевертня, здатна видавати жахливі крики жаху, що змушують ворогів завмерти в страху від близької смерті'),
('MutantWarriorName', 'Ukrainian', N'Мутант'),
('MutantWarriorDescription', 'Ukrainian', N'Величезна тварюка, гора мертвих тіл плоті, що руйнує все на своєму шляху, і затягує трупи в себе для відновлення життя'),
('VampireWarriorName', 'Ukrainian', N'Вампір'),
('VampireWarriorDescription', 'Ukrainian', N'Вампір змінив нікчемне смертне життя на безсмертя, дароване постійним поглинанням чужої крові. Крім вилучення чужих життів, він паралізує ворогів гіпнотичним жахом і здатний піднімати мертвих, щоб вони служили смерті'),
('GolemWarriorName', 'Ukrainian', N'Голем'),
('GolemWarriorDescription', 'Ukrainian', N'Голем - магічно оживлений бойовий механізм із майстерень магів, він невразливий до магічних впливів через магію всередині, але зруйнований механізм втрачає магію'),
('MageWarriorName', 'Ukrainian', N'Маг'),
('MageWarriorDescription', 'Ukrainian', N'Маг - чарівник, який витратив більшу частину життя на вивчення законів магії. У бою обрушує на ворогів всю лють магічних потоків і здатний захистити союзників від пострілів супротивника'),
('GargoyleWarriorName', 'Ukrainian', N'Гаргулья'),
('GargoyleWarriorDescription', 'Ukrainian', N'Гаргулья - магічний сплав духу та кам''яної оболонки. На превеликий жаль магів, зв''язок між тілом і духом дуже тендітний і часто рветься. На щастя, союзники-Гіганти здатні легко повернути неживих, але не зруйнованих Гаргулій, до ладу'),
('LionWarriorName', 'Ukrainian', N'Лев'),
('LionWarriorDescription', 'Ukrainian', N'Лев - Цар звірів, приручений магами, що слухняно виконує будь-які їхні накази. Здійснюючий на розгоні величезні стрибки навіть через фронт ворога, він вселяє занепокоєння будь-яким противникам'),
('GiantWarriorName', 'Ukrainian', N'Гігант'),
('GiantWarriorDescription', 'Ukrainian', N'Гігант - ровесник самих Богів, чиє життя йде в саму Вічність. Його дух не скований тісними рамками тіла і здатний вселятися в механічні тіла Горгулій, повертаючи контроль над ними магам'),
('GenieWarriorName', 'Ukrainian', N'Джин'),
('GenieWarriorDescription', 'Ukrainian', N'Джин - Володар магії. Заради розваги викликає руйнівні землетруси та вражає ворогів смертоносним променем найчистішої магічної енергії. На знак особливої ласки наділяє своїх слуг Прискоренням і ділиться на якийсь час своїм абсолютним захистом від магії'),
('GoblinWarriorName', 'Ukrainian', N'Гоблін'),
('GoblinWarriorDescription', 'Ukrainian', N'Гобліни - піші воїни, що хоробро борються за Орду'),
('OrcWarriorName', 'Ukrainian', N'Орк'),
('OrcWarriorDescription', 'Ukrainian', N'Орки завдяки своїй силі та спритності точно метають сокири у ворогів'),
('WyvernWarriorName', 'Ukrainian', N'Віверна'),
('WyvernWarriorDescription', 'Ukrainian', N''),
('RaiderWarriorName', 'Ukrainian', N'Наїзник'),
('RaiderWarriorDescription', 'Ukrainian', N'Наїзники на варгах можуть дуже швидко долати великі відстані'),
('OgreWarriorName', 'Ukrainian', N'Огр'),
('OgreWarriorDescription', 'Ukrainian', N''),
('CyclopWarriorName', 'Ukrainian', N'Циклоп'),
('CyclopWarriorDescription', 'Ukrainian', N''),

('WallBuilingName', 'English', N'Wall'),
('WallBuildingDescription', 'English', N'Wall'),
('TowerBuilingName', 'English', N'Tower'),
('TowerBuildingDescription', 'English', N'Tower'),
('TreeWallBuilingName', 'English', N'Tree Wall'),
('TreeWallBuildingDescription', 'English', N'Tree Wall'),
('TrapBuilingName', 'English', N'Trap'),
('TrapBuildingDescription', 'English', N'Trap'),
('TreeBuilingName', 'English', N'Tree'),
('TreeBuildingDescription', 'English', N'Tree'),
('WallBuilingName', 'Russian', N'Стена'),
('WallBuildingDescription', 'Russian', N'Стена'),
('TowerBuilingName', 'Russian', N'Башня'),
('TowerBuildingDescription', 'Russian', N'Башня'),
('TreeWallBuilingName', 'Russian', N'Стена Леса'),
('TreeWallBuildingDescription', 'Russian', N'Стена Леса'),
('TrapBuilingName', 'Russian', N'Ловушка'),
('TrapBuildingDescription', 'Russian', N'Ловушка'),
('TreeBuilingName', 'Russian', N'Дерево'),
('TreeBuildingDescription', 'Russian', N'Дерево'),
('WallBuilingName', 'Ukrainian', N'Стіна'),
('WallBuildingDescription', 'Ukrainian', N'Wall'),
('TowerBuilingName', 'Ukrainian', N'Башта'),
('TowerBuildingDescription', 'Ukrainian', N'Tower'),
('TreeWallBuilingName', 'Ukrainian', N'Стіна Лісу'),
('TreeWallBuildingDescription', 'Ukrainian', N'Tree Wall'),
('TrapBuilingName', 'Ukrainian', N'Пастка'),
('TrapBuildingDescription', 'Ukrainian', N'Trap'),
('TreeBuilingName', 'Ukrainian', N'Дерево'),
('TreeBuildingDescription', 'Ukrainian', N'Tree'),


('IntactBasicMapName','English','Intact Basic'),
('IntactBasicMapDescription','English','Intact Basic'),
('IntactBasicMapName','Russian',N'Интакт Базовая'),
('IntactBasicMapDescription','Russian',N'Интакт Базовая'),
('SiegeBasicMapName','English','Siege Basic'),
('SiegeBasicMapDescription','English','Siege Basic'),
('SiegeBasicMapName','Russian',N'Осада Базовая'),
('SiegeBasicMapDescription','Russian',N'Осада Базовая'),
('EdgeTowersMapName','English','Edge Towers'),
('EdgeTowersMapDescription','English','Edge Towers'),
('EdgeTowersMapName','Russian',N'Башни в углу'),
('EdgeTowersMapDescription','Russian',N'Башни в углу'),
('TwilightForestMapName','English','Twilight Forest'),
('TwilightForestMapDescription','English','Twilight Forest'),
('TwilightForestMapName','Russian',N'Сумеречный Лес'),
('TwilightForestMapDescription','Russian',N'Сумеречный Лес'),
('IntactBasicMapName','Ukrainian',N'Інтакт Базова'),
('IntactBasicMapDescription','Ukrainian',N'Інтакт Базова'),
('SiegeBasicMapName','Ukrainian',N'Облога'),
('SiegeBasicMapDescription','Ukrainian',N'Облога'),
('EdgeTowersMapName','Ukrainian',N'Башти у кутку'),
('EdgeTowersMapDescription','Ukrainian',N'Башти у кутку'),
('TwilightForestMapName','Ukrainian',N'Сутінковий Ліс'),
('TwilightForestMapDescription','Ukrainian',N'Сутінковий Ліс'),


('JoustAbilityName','English',N'Joust'),
('JoustAbilityDescription','English',N'Joust towards enemy and make a smashing strike  - no one can escape it'),
('JoustAbilityName','Russian',N'Наскок'),
('JoustAbilityDescription','Russian',N'Разогнавшись без резких маневров и атак, с мощным выпадом в конце пути можно сокрушить почти любого воина в защите'),
('AntimagicAuraAbilityName','English',N'Antimagic Aura'),
('AntimagicAuraAbilityDescription','English',N'Negates all magic spells for ally units aroud Unicorn'),
('AntimagicAuraAbilityName','Russian',N'Аура антимагии'),
('AntimagicAuraAbilityDescription','Russian',N'Отклоняет магические воздействия направленные на дружественных существ эльфов возле себя')
;
INSERT INTO "Maps" ("Id", "Version", "Width", "Height", "Factions", "SceneBackground") VALUES
('IntactBasic', 1, 15, 15, 'Humans,Elves,Necros,Mages,Horde', 'grass_light'),
('SiegeBasic', 1, 15, 10, 'Humans,Elves,Necros,Mages,Horde', 'cmbksnmt'),
('EdgeTowers', 1, 10, 10, 'Humans,Elves,Necros,Mages,Horde', 'cmbksnmt'),
('TwilightForest', 1, 20, 20, 'Humans,Elves,Necros,Mages,Horde', 'grass_dark')
;
INSERT INTO "PlayerOptions" ("MapId", "Number", "Money", "Color", "Left", "Right", "Top", "Bottom") VALUES
('IntactBasic', 1, 40, 255, 1, 3, 1, 7),
('IntactBasic', 2, 40, 16711935, 13, 15, 9, 15),
('SiegeBasic', 1, 45, 255, 1, 3, 1, 10),
('SiegeBasic', 2, 30, 16711935, 14, 15, 1, 10),
('EdgeTowers', 1, 40, 255, 1, 2, 1, 10),
('EdgeTowers', 2, 40, 16711935, 9, 10, 1, 10),
('TwilightForest', 1, 40, 255, 1, 4, 1, 6),
('TwilightForest', 2, 40, 16711935, 17, 20, 15, 20)
;
INSERT INTO "MapBuildings" ("MapId" ,"Number" ,"Proto" ,"X" ,"Y") VALUES
('EdgeTowers', 0, 'Tower', 1, 1),
('EdgeTowers', 1, 'Tower', 1, 10),
('EdgeTowers', 2, 'Tower', 10, 1),
('EdgeTowers', 3, 'Tower', 10, 10),
('EdgeTowers', 4, 'Wall', 4, 3),
('EdgeTowers', 5, 'Wall', 5, 3),
('EdgeTowers', 6, 'Wall', 6, 3),
('EdgeTowers', 7, 'Wall', 7, 3),
('EdgeTowers', 8, 'Wall', 4, 8),
('EdgeTowers', 9, 'Wall', 5, 8),
('EdgeTowers', 10, 'Wall', 6, 8),
('EdgeTowers', 11, 'Wall', 7, 8),
('EdgeTowers', 12, 'Wall', 3, 4),
('EdgeTowers', 13, 'Wall', 3, 5),
('EdgeTowers', 14, 'Wall', 3, 6),
('EdgeTowers', 15, 'Wall', 3, 7),
('EdgeTowers', 16, 'Wall', 8, 4),
('EdgeTowers', 17, 'Wall', 8, 5),
('EdgeTowers', 18, 'Wall', 8, 6),
('EdgeTowers', 19, 'Wall', 8, 7),
('EdgeTowers', 20, 'Tree', 5, 1),
('EdgeTowers', 21, 'Tree', 6, 10),
('IntactBasic', 0, 'Tower', 6, 8),
('IntactBasic', 1, 'Wall', 4, 4),
('IntactBasic', 2, 'Wall', 5, 4),
('IntactBasic', 3, 'Wall', 6, 4),
('IntactBasic', 4, 'Wall', 10, 4),
('IntactBasic', 5, 'Wall', 11, 4),
('IntactBasic', 6, 'Wall', 12, 4),
('IntactBasic', 7, 'Wall', 4, 12),
('IntactBasic', 8, 'Wall', 5, 12),
('IntactBasic', 9, 'Wall', 6, 12),
('IntactBasic', 10, 'Wall', 10, 12),
('IntactBasic', 11, 'Wall', 11, 12),
('IntactBasic', 12, 'Wall', 12, 12),
('IntactBasic', 13, 'Tower', 10, 8),
('SiegeBasic', 0, 'Trap', 11, 1),
('SiegeBasic', 1, 'Tower', 12, 1),
('SiegeBasic', 2, 'Trap', 11, 2),
('SiegeBasic', 3, 'Wall', 12, 2),
('SiegeBasic', 4, 'Trap', 11, 3),
('SiegeBasic', 5, 'Wall', 12, 3),
('SiegeBasic', 6, 'Wall', 12, 4),
('SiegeBasic', 7, 'Trap', 11, 5),
('SiegeBasic', 8, 'Tower', 14, 5),
('SiegeBasic', 9, 'Trap', 11, 6),
('SiegeBasic', 10, 'Tower', 14, 6),
('SiegeBasic', 11, 'Wall', 12, 7),
('SiegeBasic', 12, 'Trap', 11, 8),
('SiegeBasic', 13, 'Wall', 12, 8),
('SiegeBasic', 14, 'Trap', 11, 9),
('SiegeBasic', 15, 'Wall', 12, 9),
('SiegeBasic', 16, 'Trap', 11, 10),
('SiegeBasic', 17, 'Tower', 12, 10),
('SiegeBasic', 18, 'Trap', 11, 4),
('SiegeBasic', 19, 'Trap', 11, 7),
('TwilightForest', 0, 'Tree', 12, 4),
('TwilightForest', 1, 'Tree', 17, 5),
('TwilightForest', 2, 'Tree', 6, 4),
('TwilightForest', 3, 'Tree', 12, 5),
('TwilightForest', 4, 'Tree', 8, 19),
('TwilightForest', 5, 'Tree', 7, 15),
('TwilightForest', 6, 'Tree', 16, 3),
('TwilightForest', 7, 'Tree', 14, 6),
('TwilightForest', 8, 'Tree', 11, 20),
('TwilightForest', 9, 'Tree', 11, 4),
('TwilightForest', 10, 'Tree', 12, 14),
('TwilightForest', 11, 'Tree', 4, 12),
('TwilightForest', 12, 'Tree', 5, 18),
('TwilightForest', 13, 'Tree', 16, 19),
('TwilightForest', 14, 'Tree', 10, 12),
('TwilightForest', 15, 'Tree', 12, 16),
('TwilightForest', 16, 'Tree', 14, 18),
('TwilightForest', 17, 'Tree', 4, 20),
('TwilightForest', 18, 'Tree', 1, 14),
('TwilightForest', 19, 'Tree', 18, 14),
('TwilightForest', 20, 'Tree', 20, 5),
('TwilightForest', 21, 'Tree', 8, 1),
('TwilightForest', 22, 'Tree', 16, 1),
('TwilightForest', 23, 'Tree', 1, 10),
('TwilightForest', 24, 'Tree', 7, 7),
('TwilightForest', 25, 'Tree', 11, 9),
('TwilightForest', 26, 'Tree', 16, 11)
;