
truncate "Factions";
truncate "ProtoWarriors";
truncate "ProtoBuildings";
truncate "Localizations";
truncate "Maps";
truncate "MapBuildings";
truncate "PlayerOptions";
truncate "Abilities";
truncate "Spells";
truncate "Traits";

INSERT INTO "Factions" ("Id", "Number") VALUES
('Humans', 1), 
('Elves', 2), 
('Necros', 3), 
('Mages', 4), 
('Horde', 5)
;
INSERT INTO "ProtoWarriors" ("Id", "Number", "FactionId", "Force", "AssetId", "IsHero", "IsRanged", "IsMelee", "IsBlockFree", "IsBlockable", "IsImmune", "InLife", "InMana", "InMoves", "InActs", "InShots", "Cost", "Abilities", "Spells", "Traits") VALUES 
('Pikeman', 1, 'Humans', 1/*force*/, 'PikemanAnim', False/*Hero*/, False/*Ranged*/, True/*Melee*/, False/*BlockFree*/, False/*Blockable*/, False/*Immune*/, 1/*Life*/, 0/*Mana*/, 1/*Moves*/, 1/*Acts*/, 0/*Shots*/, 2/*Cost*/, '', '', ''),
('Archer', 2, 'Humans', 2/*force*/, 'Archer', False/*Hero*/, True/*Ranged*/, False/*Melee*/, False/*BlockFree*/, False/*Blockable*/, False/*Immune*/, 1/*Life*/, 0/*Mana*/, 1/*Moves*/, 1/*Acts*/, 2/*Shots*/, 3/*Cost*/, '', '', 'Ranged'),
('Eagle', 3, 'Humans', 3/*force*/, 'Eagle', False/*Hero*/, False/*Ranged*/, True/*Melee*/, False/*BlockFree*/, False/*Blockable*/, False/*Immune*/, 1/*Life*/, 0/*Mana*/, 4/*Moves*/, 1/*Acts*/, 0/*Shots*/, 4/*Cost*/, '', '', ''),
('Horseman', 4, 'Humans', 4/*force*/, 'Horseman', False/*Hero*/, False/*Ranged*/, True/*Melee*/, True/*BlockFree*/, False/*Blockable*/, False/*Immune*/, 2/*Life*/, 0/*Mana*/, 3/*Moves*/, 1/*Acts*/, 0/*Shots*/, 5/*Cost*/, 'Joust', '', 'BlockFree'),
('Elephant', 5, 'Humans', 5/*force*/, 'Elephant', False/*Hero*/, False/*Ranged*/, True/*Melee*/, False/*BlockFree*/, False/*Blockable*/, False/*Immune*/, 4/*Life*/, 0/*Mana*/, 1/*Moves*/, 1/*Acts*/, 0/*Shots*/, 6/*Cost*/, 'Fearless', '', 'Tank'),
('Knight', 6, 'Humans', 4/*force*/, 'Knight', True/*Hero*/, True/*Ranged*/, True/*Melee*/, True/*BlockFree*/, False/*Blockable*/, False/*Immune*/, 2/*Life*/, 3/*Mana*/, 3/*Moves*/, 1/*Acts*/, 2/*Shots*/, 0/*Cost*/, 'Joust', 'Heal,Shine', 'BlockFree'),
('Scout', 7, 'Elves', 1/*force*/, 'Scout', False/*Hero*/, False/*Ranged*/, True/*Melee*/, False/*BlockFree*/, False/*Blockable*/, False/*Immune*/, 1/*Life*/, 0/*Mana*/, 1/*Moves*/, 2/*Acts*/, 0/*Shots*/, 2/*Cost*/, 'Agility,Desorientation', '', 'DoubleAttack'),
('Sniper', 8, 'Elves', 2/*force*/, 'Sniper', False/*Hero*/, True/*Ranged*/, False/*Melee*/, False/*BlockFree*/, False/*Blockable*/, False/*Immune*/, 1/*Life*/, 0/*Mana*/, 1/*Moves*/, 1/*Acts*/, 3/*Shots*/, 3/*Cost*/, '', '', 'Ranged,AlignedFire'),
('Dryad', 9, 'Elves', 3/*force*/, 'Dryad', False/*Hero*/, False/*Ranged*/, True/*Melee*/, False/*BlockFree*/, False/*Blockable*/, False/*Immune*/, 1/*Life*/, 0/*Mana*/, 4/*Moves*/, 1/*Acts*/, 0/*Shots*/, 4/*Cost*/, 'ManaFlow', '', ''),
('Unicorn', 10, 'Elves', 4/*force*/, 'Unicorn', False/*Hero*/, False/*Ranged*/, True/*Melee*/, True/*BlockFree*/, False/*Blockable*/, False/*Immune*/, 2/*Life*/, 0/*Mana*/, 3/*Moves*/, 1/*Acts*/, 0/*Shots*/, 5/*Cost*/, 'AntimagicAura', '', 'BlockFree'),
('Ent', 11, 'Elves', 5/*force*/, 'Ent', False/*Hero*/, False/*Ranged*/, True/*Melee*/, False/*BlockFree*/, False/*Blockable*/, False/*Immune*/, 4/*Life*/, 2/*Mana*/, 1/*Moves*/, 1/*Acts*/, 0/*Shots*/, 6/*Cost*/, '', 'EntRoots', 'Tank'),
('Druid', 12, 'Elves', 2/*force*/, 'Druid', True/*Hero*/, True/*Ranged*/, True/*Melee*/, False/*BlockFree*/, False/*Blockable*/, False/*Immune*/, 1/*Life*/, 3/*Mana*/, 1/*Moves*/, 1/*Acts*/, 3/*Shots*/, 0/*Cost*/, 'Agility,Desorientation,Acrobatics', 'DruidRoots,TreeWall,ChantedArrow', 'Ace,AlignedFire'),
('Ghoul', 13, 'Necros', 1/*force*/, 'Ghoul', False/*Hero*/, False/*Ranged*/, True/*Melee*/, False/*BlockFree*/, False/*Blockable*/, False/*Immune*/, 1/*Life*/, 0/*Mana*/, 1/*Moves*/, 1/*Acts*/, 0/*Shots*/, 2/*Cost*/, 'DeadBody', '', ''),
('Lich', 14, 'Necros', 2/*force*/, 'Lich', False/*Hero*/, True/*Ranged*/, False/*Melee*/, False/*BlockFree*/, False/*Blockable*/, True/*Immune*/, 1/*Life*/, 2/*Mana*/, 1/*Moves*/, 1/*Acts*/, 2/*Shots*/, 3/*Cost*/, '', 'Weakness', 'MagicImmune,Ranged'),
('Ghost', 15, 'Necros', 3/*force*/, 'Ghost', False/*Hero*/, False/*Ranged*/, True/*Melee*/, False/*BlockFree*/, False/*Blockable*/, False/*Immune*/, 1/*Life*/, 0/*Mana*/, 4/*Moves*/, 1/*Acts*/, 0/*Shots*/, 4/*Cost*/, 'GhostBody', '', ''),
('Nightmare', 16, 'Necros', 4/*force*/, 'Nightmare', False/*Hero*/, False/*Ranged*/, True/*Melee*/, True/*BlockFree*/, False/*Blockable*/, False/*Immune*/, 2/*Life*/, 3/*Mana*/, 3/*Moves*/, 1/*Acts*/, 0/*Shots*/, 5/*Cost*/, '', 'FearScream', 'BlockFree'),
('Mutant', 17, 'Necros', 5/*force*/, 'Mutant', False/*Hero*/, False/*Ranged*/, True/*Melee*/, False/*BlockFree*/, False/*Blockable*/, False/*Immune*/, 4/*Life*/, 0/*Mana*/, 1/*Moves*/, 1/*Acts*/, 0/*Shots*/, 6/*Cost*/, 'Deadeater', '', 'Tank'),
('Vampire', 18, 'Necros', 1/*force*/, 'Vampire', True/*Hero*/, False/*Ranged*/, True/*Melee*/, False/*BlockFree*/, False/*Blockable*/, False/*Immune*/, 2/*Life*/, 3/*Mana*/, 2/*Moves*/, 1/*Acts*/, 0/*Shots*/, 0/*Cost*/, '', 'VampireDrainLife,VampireFear,RiseUndead', ''),
('Golem', 19, 'Mages', 1/*force*/, 'Golem', False/*Hero*/, False/*Ranged*/, True/*Melee*/, False/*BlockFree*/, False/*Blockable*/, True/*Immune*/, 1/*Life*/, 0/*Mana*/, 1/*Moves*/, 1/*Acts*/, 0/*Shots*/, 2/*Cost*/, 'GolemBody', '', 'MagicImmune'),
('Mage', 20, 'Mages', 2/*force*/, 'Mage', False/*Hero*/, True/*Ranged*/, False/*Melee*/, False/*BlockFree*/, False/*Blockable*/, False/*Immune*/, 1/*Life*/, 2/*Mana*/, 1/*Moves*/, 1/*Acts*/, 2/*Shots*/, 3/*Cost*/, '', 'AliveShield', 'Ranged'),
('Gargoyle', 21, 'Mages', 3/*force*/, 'Gargoyle', False/*Hero*/, False/*Ranged*/, True/*Melee*/, False/*BlockFree*/, False/*Blockable*/, False/*Immune*/, 1/*Life*/, 0/*Mana*/, 4/*Moves*/, 1/*Acts*/, 0/*Shots*/, 4/*Cost*/, 'Inspirable,GargoyleBody', '', ''),
('Lion', 22, 'Mages', 4/*force*/, 'Lion', False/*Hero*/, False/*Ranged*/, True/*Melee*/, True/*BlockFree*/, False/*Blockable*/, False/*Immune*/, 2/*Life*/, 0/*Mana*/, 3/*Moves*/, 1/*Acts*/, 0/*Shots*/, 5/*Cost*/, 'Jump', '', 'BlockFree'),
('Giant', 23, 'Mages', 5/*force*/, 'Giant', False/*Hero*/, False/*Ranged*/, True/*Melee*/, False/*BlockFree*/, False/*Blockable*/, False/*Immune*/, 4/*Life*/, 2/*Mana*/, 1/*Moves*/, 1/*Acts*/, 0/*Shots*/, 6/*Cost*/, '', 'GiantInspiring', 'Tank'),
('Genie', 24, 'Mages', 3/*force*/, 'Genie', True/*Hero*/, False/*Ranged*/, True/*Melee*/, False/*BlockFree*/, False/*Blockable*/, True/*Immune*/, 2/*Life*/, 4/*Mana*/, 4/*Moves*/, 1/*Acts*/, 0/*Shots*/, 0/*Cost*/, '', 'GenieHaste,GenieAntimagic,GenieRay,GenieEarthquake', 'MagicImmune'),
('Goblin', 25, 'Horde', 1/*force*/, 'Goblin', False/*Hero*/, False/*Ranged*/, True/*Melee*/, False/*BlockFree*/, False/*Blockable*/, False/*Immune*/, 1/*Life*/, 0/*Mana*/, 1/*Moves*/, 1/*Acts*/, 0/*Shots*/, 2/*Cost*/, 'GoblinTrap', '', ''),
('Orc', 26, 'Horde', 2/*force*/, 'Orc', False/*Hero*/, True/*Ranged*/, True/*Melee*/, False/*BlockFree*/, False/*Blockable*/, False/*Immune*/, 1/*Life*/, 0/*Mana*/, 1/*Moves*/, 1/*Acts*/, 2/*Shots*/, 3/*Cost*/, 'LimitedAmmo', '', 'Ace'),
('Wyvern', 27, 'Horde', 3/*force*/, 'Wyvern', False/*Hero*/, False/*Ranged*/, True/*Melee*/, False/*BlockFree*/, False/*Blockable*/, False/*Immune*/, 2/*Life*/, 0/*Mana*/, 3/*Moves*/, 1/*Acts*/, 0/*Shots*/, 6/*Cost*/, 'Regeneration', '', ''),
('Raider', 28, 'Horde', 4/*force*/, 'Raider', False/*Hero*/, False/*Ranged*/, True/*Melee*/, False/*BlockFree*/, True/*Blockable*/, False/*Immune*/, 1/*Life*/, 0/*Mana*/, 3/*Moves*/, 1/*Acts*/, 0/*Shots*/, 4/*Cost*/, 'SecondChance', '', ''),
('Ogre', 29, 'Horde', 5/*force*/, 'Ogre', False/*Hero*/, False/*Ranged*/, True/*Melee*/, False/*BlockFree*/, False/*Blockable*/, False/*Immune*/, 3/*Life*/, 0/*Mana*/, 1/*Moves*/, 1/*Acts*/, 0/*Shots*/, 5/*Cost*/, 'Grab', '', 'Tank'),
('Cyclop', 30, 'Horde', 5/*force*/, 'Cyclop', True/*Hero*/, False/*Ranged*/, True/*Melee*/, False/*BlockFree*/, False/*Blockable*/, False/*Immune*/, 3/*Life*/, 3/*Mana*/, 2/*Moves*/, 1/*Acts*/, 0/*Shots*/, 0/*Cost*/, '', '', 'Tank')


;
INSERT INTO "Abilities" ("Id", "InitialPoints", "Ability", "AssetId") VALUES
('Joust', 3, 'Joust', 'Joust'),
('Fearless', 0, 'DeStun', 'Fearless'),
('Agility', 0, 'DeJoust', 'Agility'),
('Desorientation', 0, 'DeAgil', 'Desorientation'),
('Trap', 0, 'Trap', 'Trap'),
('GoblinTrap', 0, 'Trap', 'Trap'),
('AntimagicAura', 0, 'MagAura', 'AntimagicAura'),
('ManaFlow', 0, 'MagFlow', 'ManaFlow'),
('Acrobatics', 0, 'DeShot', 'Acrobatics'),
('DeadBody', 0, 'DeShot', 'DeadBody'),
('Deadeater', 0, 'DeadEat', 'Deadeater'),
('GhostBody', 0, 'DeRise', 'GhostBody'),
('GolemBody', 0, 'DeRise', 'GolemBody'),
('GargoyleBody', 0, 'DeRise', 'GargoyleBody'),
('Inspirable', 0, 'Inspire', 'Inspirable'),
('Jump', 2, 'Jump', 'Jump'),
('Regeneration', 4, 'Regeneration', 'Regeneration'),
('LimitedAmmo', 2, 'LimitedAmmo', 'LimitedAmmo'),
('Grab', 0, 'Grab', 'Grab'),
('SecondChance', 0, 'SecondChance', 'SecondChance')

;
INSERT INTO "ProtoBuildings" ("Id", "Number", "InLife", "AssetId", "BuildingType") VALUES
('Tower', 1, 4, 'Tower', 1), 
('Wall', 2, 2, 'Wall', 2), 
('Trap', 3, 2, 'Trap', 3), 
('TreeWall', 4, 2, 'TreeWall', 4), 
('Tree', 5, 2, 'Tree', 4)

;
INSERT INTO "Localizations" ("TermId", "LanguageCode", "Value") VALUES
('HumansFactionName', 'English', N'Humans'),
('HumansFactionDescription', 'English', N'Humans have strong cavalry and brave disciplined army, loyal to their mighty hero-Knight with tactical skills and holy powers'),
('ElvesFactionName', 'English', N'Elves'),
('ElvesFactionDescription', 'English', N'Elves have strong archers and enchanted creatures of the forrest, hero-Druid helps them to reveal Nature powers'),
('NecrosFactionName', 'English', N'Necros'),
('NecrosFactionDescription', 'English', N'Necros are magically stabilized organisms, that could be revived by hero-Vampire, with strong infantry and frightening monsters as allies'),
('MagesFactionName', 'English', N'Mages'),
('MagesFactionDescription', 'English', N'Mages are powered with magic and antimagic abilities, they have elemental and mechanical creatures and hero - powerful Genie'),
('HordeFactionName', 'English', N'Horde'),
('HordeFactionDescription', 'English', N'Warriors of the steppes and deserts are distinguished by endurance and mobility and the absolute non-recognition of higher magic. Their Hero - the mighty Cyclops - is capable of destroying buildings'),
('HumansFactionName', 'Russian', N'Люди'),
('HumansFactionDescription', 'Russian', N'У людей сильная кавалерия и смелая дисциплинированная армия, верная своему могучему Герою - Рыцарю с тактическими навыками и святыми силами'),
('ElvesFactionName', 'Russian', N'Эльфы'),
('ElvesFactionDescription', 'Russian', N'У эльфов есть сильные лучники, и зачарованные создания леса, Герой - Друид помогает им раскрыть силы природы'),
('NecrosFactionName', 'Russian', N'Некры'),
('NecrosFactionDescription', 'Russian', N'Нежить - поднятые из могил и призванные слуги Героя - Вампира, могущего звать и отзывать силу Смерти'),
('MagesFactionName', 'Russian', N'Маги'),
('MagesFactionDescription', 'Russian', N'Маги и волшебники в совершенстве владеют магическими и антимагическими способностями, у них есть стихийные и механические существа и Герой - могущественный Джинн'),
('HordeFactionName', 'Russian', N'Орда'),
('HordeFactionDescription', 'Russian', N'Воинов степей и пустынь отличает выносливость, мобильность и абсолютное непризнание высшей магии. Их Герой - могучий Циклоп - способен разрушать постройки'),
('HumansFactionName', 'Ukrainian', N'Люди'),
('HumansFactionDescription', 'Ukrainian', N'У людей сильна кавалерія та смілива дисциплінована армія, вірна своєму могутньому Герою - Лицарю з тактичними навичками та святими силами'),
('ElvesFactionName', 'Ukrainian', N'Ельфи'),
('ElvesFactionDescription', 'Ukrainian', N'У ельфів є сильні лучники, і зачаровані створіння лісу, Герой - Друїд допомагає їм розкрити сили природи'),
('NecrosFactionName', 'Ukrainian', N'Некри'),
('NecrosFactionDescription', 'Ukrainian', N'Нежить - підняті з могил і покликані слуги Героя - Вампіра, який може кликати та відкликати силу Смерті'),
('MagesFactionName', 'Ukrainian', N'Маги'),
('MagesFactionDescription', 'Ukrainian', N'Маги та чарівники досконало володіють магічними та антимагічними здібностями, у них є стихійні та механічні істоти та Герой - могутній Джинн'),
('HordeFactionName', 'Ukrainian', N'Орда'),
('HordeFactionDescription', 'Ukrainian', N'Воїнів степів і пустель відрізняє витривалість і мобільність та абсолютне невизнання вищої магії. Їхній Герой - могутній Циклоп - здатний руйнувати будівлі'),

('PikemanWarriorName', 'English', N'Pikeman'),
('PikemanWarriorDescription', 'English', N'Pikeman is good infantry, always ready to fight bravely'),
('ArcherWarriorName', 'English', N'Archer'),
('ArcherWarriorDescription', 'English', N'Archer is good shooter with high discipline'),
('EagleWarriorName', 'English', N'Eagle'),
('EagleWarriorDescription', 'English', N'Eagle is fast but weak predator bird'),
('HorsemanWarriorName', 'English', N'Horseman'),
('HorsemanWarriorDescription', 'English', N'Horseman is strong cavalry, with jousting he fights fast and effective'),
('ElephantWarriorName', 'English', N'Elephant'),
('ElephantWarriorDescription', 'English', N'Elefant is wellknown for its strength and toughness, it is able to crush fortifications, its natural rage makes him fearless and unstopable'),
('KnightWarriorName', 'English', N'Knight'),
('KnightWarriorDescription', 'English', N'Knight is a horseman with crossbow and spear, has jousting, casts holy light spell that stuns enemies, and heals his allies'),
('ScoutWarriorName', 'English', N'Scout'),
('ScoutWarriorDescription', 'English', N'Elf scout is fighter with two blades, he is well trained to strike two targets and has great agility to avoid jousting'),
('SniperWarriorName', 'English', N'Sniper'),
('SniperWarriorDescription', 'English', N'Elf sniper is a master-archer, able to shot more often than average shooter'),
('DryadWarriorName', 'English', N'Dryad'),
('DryadWarriorDescription', 'English', N'Dryad is a forrest mystical creature, it can absorb hostile magic, extract mana from it and then pass it to Druid'),
('UnicornWarriorName', 'English', N'Unicorn'),
('UnicornWarriorDescription', 'English', N'Unicorn is Elven cavalry that fights fiercely and protects allies, it provides allies with antimagic to hostile spells'),
('EntWarriorName', 'English', N'Ent'),
('EntWarriorDescription', 'English', N'Ent is unique creature of Nature, ancient nation of semitrees, their powerful Roots are able to ruin objects or entangle enemies'),
('DruidWarriorName', 'English', N'Druid'),
('DruidWarriorDescription', 'English', N'Druid is a well-trained Elven prince with ranged and melee weapons, with his extraagility he dodges shots or jousting strikes, calls to Nature to grow "Treewall" and "Roots" and able to shoot "Chanted arrow"'),
('GhoulWarriorName', 'English', N'Ghoul'),
('GhoulWarriorDescription', 'English', N'Ghoul is raised undead, projectiles have no effect piercing its flesh, they do not feel pain'),
('LichWarriorName', 'English', N'Lich'),
('LichWarriorDescription', 'English', N'Lich is sorcerer who cheated death using strong magic, that also counters enemy magic, he casts "Weakness", that slows enemies'),
('GhostWarriorName', 'English', N'Ghost'),
('GhostWarriorDescription', 'English', N'Ghost is half-material spirit of dead, it dissolves through objects, but affected to weapon and magic, those free the spirit, and it can''t be returned'),
('NightmareWarriorName', 'English', N'Nightmare'),
('NightmareWarriorDescription', 'English', N'Nightmare is fearsome halfdead werewolf beast, it can fears enemies with its outofthegrave scream'),
('MutantWarriorName', 'English', N'Mutant'),
('MutantWarriorDescription', 'English', N'Mutant is huge agglomerate of undead flesh, that smashes everything nearby, gathers and swallows dead bodies healing himself'),
('VampireWarriorName', 'English', N'Vampire'),
('VampireWarriorDescription', 'English', N'Vampire exchanged poor existence to Eternal Life, granted by constant draining others live powers. He paralyses enemies with hypnotic Fear and can rise Undead, for they to serve Death'),
('GolemWarriorName', 'English', N'Golem'),
('GolemWarriorDescription', 'English', N'Golem is magically animated fighting mechanism, that magic counters any other magic aimed on Golem, dismatled Golem looses all magic and becomes useless'),
('MageWarriorName', 'English', N'Mage'),
('MageWarriorDescription', 'English', N'Mage is a sorcerer, who spent all his life to study Magic. In battle he uses magiс to fire missiles into enemies and also protects allied warriors from enemy shots'),
('GargoyleWarriorName', 'English', N'Gargoyle'),
('GargoyleWarriorDescription', 'English', N'Gargoyle is a magical composition of elemental spirit and a stoneshell. The connection is quite thin and magic or shot rips it. Fortunately Giants can inspire the spiritless body if it wasn''t broken'),
('LionWarriorName', 'English', N'Lion'),
('LionWarriorDescription', 'English', N'Lion is a King of animals, trained by mages to execute their orders. He rushes towards enemies and jumps over their heads to make furious attacks in backlines, thus making enemies feel uncomfortable with Lions'),
('GiantWarriorName', 'English', N'Giant'),
('GiantWarriorDescription', 'English', N'Giant is of the same age as Gods, whose life goes to Eternity. His elemental spirit isn''t bounded to body and can travel alone, in his powers - the inspiration of defeated Gargoyle, sharing part of spirit with them and bringing the control of Gargoyle back'),
('GenieWarriorName', 'English', N'Genie'),
('GenieWarriorDescription', 'English', N'Genie is the Master of Magic. He causes destructible Earthquakes and fires a ray of pure magic into enemies. With his mercy he grants his allies with haste and shares with them his antimagic protection for a while'),
('GoblinWarriorName', 'English', N'Goblin'),
('GoblinWarriorDescription', 'English', N'Goblins are light foot soldiers who fight bravely for the Horde. True masters of traps. Their speed and ingenuity make them dangerous opponents, capable of swiftly turning the tide of battle with expertly crafted deadly traps'),
('OrcWarriorName', 'English', N'Orc'),
('OrcWarriorDescription', 'English', N'Orcs, with their strength and agility, accurately hurl axes at their enemies, but they are also skilled in close combat, using their power and battle-hardened experience'),
('WyvernWarriorName', 'English', N'Wyvern'),
('WyvernWarriorDescription', 'English', N'The Wyvern is a swift and venomous flying creature. Its ability to regenerate makes it a persistent threat in battle, capable of withstanding damage and continuing its assault.'),
('RaiderWarriorName', 'English', N'Raider'),
('RaiderWarriorDescription', 'English', N'Riders on wargs can swiftly traverse large distances.'),
('OgreWarriorName', 'English', N'Ogre'),
('OgreWarriorDescription', 'English', N'The Ogre is a massive and durable combatant. With its enormous strength, it can grab and overpower enemies, making it a formidable force on the battlefield.'),
('CyclopWarriorName', 'English', N'Cyclop'),
('CyclopWarriorDescription', 'English', N'Cyclops is a mighty hero of the Horde, known for his immense size and power. His strength allows him to destroy buildings and crush enemy defenses, making him a terrifying presence on the battlefield.'),

('PikemanWarriorName', 'Russian', N'Копейщик'),
('PikemanWarriorDescription', 'Russian', N'Копейщики - отличные пехотинцы, доблестно сражающиеся и храбро защищающие своих'),
('ArcherWarriorName', 'Russian', N'Лучник'),
('ArcherWarriorDescription', 'Russian', N'Лучники - высоко дисциплинированы, и сосредоточены на исполнении боевого приказа'),
('EagleWarriorName', 'Russian', N'Орел'),
('EagleWarriorDescription', 'Russian', N'Орлы очень быстры, они - лучшие хищники и тренированы людьми для избегания сражений, но их защищенность мала'),
('HorsemanWarriorName', 'Russian', N'Конник'),
('HorsemanWarriorDescription', 'Russian', N'Мощная кавалерия из дворян, тренированные для турнирных разящих забегов'),
('ElephantWarriorName', 'Russian', N'Слон'),
('ElephantWarriorDescription', 'Russian', N'Слон - могучее и сильное животное, приучено людьми к войне и осадным приемам, природная ярость делает его бесстрашным и неостановимым'),
('KnightWarriorName', 'Russian', N'Рыцарь'),
('KnightWarriorDescription', 'Russian', N'Рыцарь - конный воин с копьем для разящих наскоков и арбалетом для стрельбы, возносит молитвы Свету для лечения воинов и раскрывает для Света себя - излучая слепящий "Ореол", что лишает противника боеспособности'),
('ScoutWarriorName', 'Russian', N'Скаут'),
('ScoutWarriorDescription', 'Russian', N'Скауты - бойцы с 2 клинками с неимоверной ловкостью, их реакция позволяет наносить им 2 удара и позволяет увернуться от разящих ударов с разгона'),
('SniperWarriorName', 'Russian', N'Снайпер'),
('SniperWarriorDescription', 'Russian', N'Снайперы Эльфов - лучшие стрелки, стреляющие чаще, чем остальные'),
('DryadWarriorName', 'Russian', N'Дриада'),
('DryadWarriorDescription', 'Russian', N'Дриады - мистические духи леса, сгустки энергии в телесной оболочке, способные поглощать магические потоки и передавать их Друиду'),
('UnicornWarriorName', 'Russian', N'Единорог'),
('UnicornWarriorDescription', 'Russian', N'Единорог - легендарное животное, защищающее дружественных существ Лесных эльфов от враждебной магии'),
('EntWarriorName', 'Russian', N'Энт'),
('EntWarriorDescription', 'Russian', N'Энты - уникальные Древние создания Природы, способные опутывать своими корнями врагов и обладающие огромной силой, способной разрушать объекты'),
('DruidWarriorName', 'Russian', N'Друид'),
('DruidWarriorDescription', 'Russian', N'Друид - высший Эльф королевских кровей. Прекрасный стрелок и боец, может ускользать от Наскока и вражеских стрел, зачаровывать свои стрелы, и, взывая к природе, в миг растить "Стены леса" и "Корни"'),
('GhoulWarriorName', 'Russian', N'Упырь'),
('GhoulWarriorDescription', 'Russian', N'Упыри - поднятая Вампиром нежить, не чувствующая боли и не получающая никакого урона от обычных стрел'),
('LichWarriorName', 'Russian', N'Лич'),
('LichWarriorDescription', 'Russian', N'Лич - Колдун, обманувший саму Смерть, полностью неуязвимый к магии и способный насылать чары "Замедление", отнимающие силы врага'),
('GhostWarriorName', 'Russian', N'Призрак'),
('GhostWarriorDescription', 'Russian', N'Призрак - дух мертвого, имеющий полуматериальное тело, просачивающийся сквозь объекты, но уязвимый к оружию и магии, ибо то освобождает его от загробных оков, и больше оно не возвращается к жизни'),
('NightmareWarriorName', 'Russian', N'Кошмар'),
('NightmareWarriorDescription', 'Russian', N'Полумёртвое подобие оборотня, способное издавать ужасающие вопли ужаса, заставляющие врагов замереть в страхе от близкой смерти'),
('MutantWarriorName', 'Russian', N'Мутант'),
('MutantWarriorDescription', 'Russian', N'Огромная  тварь, гора мертвых тел плоти, крушащая всё на своем пути, и затягивающая в себя трупы для восстановления жизни'),
('VampireWarriorName', 'Russian', N'Вампир'),
('VampireWarriorDescription', 'Russian', N'Вампир поменял никчёмную смертную жизнь на бессмертие, даруемое постоянным поглощением чужой крови. Помимо изъятия чужих жизней, он парализует врагов гипнотическим ужасом и способен поднимать мертвых, дабы они служили Смерти'),
('GolemWarriorName', 'Russian', N'Голем'),
('GolemWarriorDescription', 'Russian', N'Голем - магически оживленный боевой механизм из мастерских магов, он неуязвим к магическим воздействиям из-за магии внутри, но разрушенный механизм теряет магию'),
('MageWarriorName', 'Russian', N'Маг'),
('MageWarriorDescription', 'Russian', N'Маг - чародей, потративший большую часть жизни на изучение законов магии. В бою обрушивает на врагов всю ярость магических потоков и способен защитить союзников от выстрелов противника'),
('GargoyleWarriorName', 'Russian', N'Горгулья'),
('GargoyleWarriorDescription', 'Russian', N'Горгулья - Магический сплав духа и каменной оболочки. К большому сожалению магов, связь между телом и духом весьма хрупкая и часто рвется. К счастью, союзники-Гиганты способны легко вернуть безжизненных, но не разрушенных Горгулий, в строй'),
('LionWarriorName', 'Russian', N'Лев'),
('LionWarriorDescription', 'Russian', N'Лев - Царь зверей, прирученный магами, послушно выполняющий любые их приказы. Совершающий на разгоне огромные прыжки даже через фронт врага, он внушает беспокойство любым противникам'),
('GiantWarriorName', 'Russian', N'Гигант'),
('GiantWarriorDescription', 'Russian', N'Гигант - Ровесник самих Богов, чья жизнь уходит в саму Вечность. Его дух не скован тесными рамками тела и способен вселяться в механические тела Горгулий, возвращая контроль над ними магам'),
('GenieWarriorName', 'Russian', N'Джинн'),
('GenieWarriorDescription', 'Russian', N'Джинн - Повелитель магии. Ради развлечения вызывает разрушительные землятресения и поражает врагов смертоносным лучом чистейшей магической энергии. В знак особой милости наделяет своих слуг Ускорением и делится на время своей абсолютной защитой от магии'),
('GoblinWarriorName', 'Russian', N'Гоблин'),
('GoblinWarriorDescription', 'Russian', N'Гоблины — легкие пешие воины, храбро сражающиеся за Орду. Настоящие мастера ловушек. Их скорость и изобретательность делают их опасными противниками, способными внезапно изменить ход боя благодаря мастерски изготовленным смертельным ловушкам'),
('OrcWarriorName', 'Russian', N'Орк'),
('OrcWarriorDescription', 'Russian', N'Орки, обладающие силой и ловкостью, метко метают топоры во врагов, но они также искусны в ближнем бою, используя свою силу и закаленный в боях опыт'),
('WyvernWarriorName', 'Russian', N'Виверна'),
('WyvernWarriorDescription', 'Russian', N'Виверна — быстрая и ядовитая летающая тварь. Способность к регенерации делает её постоянной угрозой в бою, способной выдерживать урон и продолжать атаку.'),
('RaiderWarriorName', 'Russian', N'Наездник'),
('RaiderWarriorDescription', 'Russian', N'Наездники на варгах могут очень быстро преодолевать большие расстояния.'),
('OgreWarriorName', 'Russian', N'Огр'),
('OgreWarriorDescription', 'Russian', N'Огр — массивный и прочный боец. Благодаря своей огромной силе, он может хватать и подавлять врагов, превращая его в грозную силу на поле боя.'),
('CyclopWarriorName', 'Russian', N'Циклоп'),
('CyclopWarriorDescription', 'Russian', N'Циклоп — могучий герой Орды, известный своим огромным размером и силой. Его мощь позволяет разрушать здания и сокрушать вражеские укрепления, превращая его в устрашающую фигуру на поле боя.'),

('PikemanWarriorName', 'Ukrainian', N'Копійник'),
('PikemanWarriorDescription', 'Ukrainian', N'Копійники - чудові піхотинці, що доблесно б''ються і хоробро захищають своїх'),
('ArcherWarriorName', 'Ukrainian', N'Лучник'),
('ArcherWarriorDescription', 'Ukrainian', N'Лучники - високо дисципліновані та зосереджені на виконанні бойового наказу'),
('EagleWarriorName', 'Ukrainian', N'Орел'),
('EagleWarriorDescription', 'Ukrainian', N'Орли дуже швидкі, вони - найкращі хижаки і треновані людьми для уникнення битв, але їхня захищеність мала'),
('HorsemanWarriorName', 'Ukrainian', N'Вершник'),
('HorsemanWarriorDescription', 'Ukrainian', N'Потужна кавалерія з дворян, треновані для турнірних забігів.'),
('ElephantWarriorName', 'Ukrainian', N'Слон'),
('ElephantWarriorDescription', 'Ukrainian', N'Слон - могутня і сильна тварина, привчена людьми до війни та облогових прийомів, природна лють робить її безстрашною та непереборною'),
('KnightWarriorName', 'Ukrainian', N'Лицар'),
('KnightWarriorDescription', 'Ukrainian', N'Лицар - кінний воїн зі списом для разючих наскоків і арбалетом, підносить молитви Світлу для лікування воїнів і розкриває себе для Світла - випромінюючи сліпучий "Ореол", що позбавляє противника боєздатності'),
('ScoutWarriorName', 'Ukrainian', N'Скаут'),
('ScoutWarriorDescription', 'Ukrainian', N'Скаути - бійці з 2 клинками з неймовірною спритністю, їх реакція дозволяє наносити їм 2 удари і дозволяє ухилитися від разючих ударів з розгону'),
('SniperWarriorName', 'Ukrainian', N'Снайпер'),
('SniperWarriorDescription', 'Ukrainian', N'Снайпери Ельфів - найкращі стрілки, що стріляють частіше, ніж інші'),
('DryadWarriorName', 'Ukrainian', N'Дріада'),
('DryadWarriorDescription', 'Ukrainian', N'Дріади - містичні духи лісу, згустки енергії в тілесній оболонці, здатні поглинати магічні потоки та передавати їх Друїду'),
('UnicornWarriorName', 'Ukrainian', N'Єдиноріг'),
('UnicornWarriorDescription', 'Ukrainian', N'Єдиноріг - легендарна тварина, що захищає дружніх істот Лісових ельфів від ворожої магії'),
('EntWarriorName', 'Ukrainian', N'Ент'),
('EntWarriorDescription', 'Ukrainian', N'Енти - унікальні стародавні істоти Природи, здатні обплутувати своїм корінням ворогів і володіють величезною силою, здатною руйнувати об''єкти'),
('DruidWarriorName', 'Ukrainian', N'Друїд'),
('DruidWarriorDescription', 'Ukrainian', N'Друїд - найвищий Ельф королівської крові. Прекрасний стрілець і боєць, може вислизати від Наскока та ворожих стріл, зачаровувати свої стріли, і, звертаючись до природи, в мить вирощувати "Стіни лісу" та "Коріння"'),
('GhoulWarriorName', 'Ukrainian', N'Гуль'),
('GhoulWarriorDescription', 'Ukrainian', N'Упирі - піднята Вампіром нежить, що не відчуває болю і не отримує жодної шкоди від звичайних стріл'),
('LichWarriorName', 'Ukrainian', N'Ліч'),
('LichWarriorDescription', 'Ukrainian', N'Ліч - Чаклун, що обдурив саму Смерть, повністю невразливий до магії і здатний насилати чари "Уповільнення", що забирають сили ворога.'),
('GhostWarriorName', 'Ukrainian', N'Привид'),
('GhostWarriorDescription', 'Ukrainian', N'Привид - дух мертвого, що має напівматеріальне тіло, що просочується крізь об''єкти, але вразливий до зброї та магії, бо звільняє його від потойбічних кайданів, і більше воно не повертається до життя'),
('NightmareWarriorName', 'Ukrainian', N'Жах'),
('NightmareWarriorDescription', 'Ukrainian', N'Напівмертва подібність перевертня, здатна видавати жахливі крики жаху, що змушують ворогів завмерти в страху від близької смерті'),
('MutantWarriorName', 'Ukrainian', N'Мутант'),
('MutantWarriorDescription', 'Ukrainian', N'Величезна тварюка, гора мертвих тіл плоті, що руйнує все на своєму шляху, і затягує трупи в себе для відновлення життя'),
('VampireWarriorName', 'Ukrainian', N'Вампір'),
('VampireWarriorDescription', 'Ukrainian', N'Вампір змінив нікчемне смертне життя на безсмертя, дароване постійним поглинанням чужої крові. Крім вилучення чужих життів, він паралізує ворогів гіпнотичним жахом і здатний піднімати мертвих, щоб вони служили смерті'),
('GolemWarriorName', 'Ukrainian', N'Голем'),
('GolemWarriorDescription', 'Ukrainian', N'Голем - магічно оживлений бойовий механізм із майстерень магів, він невразливий до магічних впливів через магію всередині, але зруйнований механізм втрачає магію'),
('MageWarriorName', 'Ukrainian', N'Маг'),
('MageWarriorDescription', 'Ukrainian', N'Маг - чарівник, який витратив більшу частину життя на вивчення законів магії. У бою обрушує на ворогів всю лють магічних потоків і здатний захистити союзників від пострілів супротивника'),
('GargoyleWarriorName', 'Ukrainian', N'Гаргулья'),
('GargoyleWarriorDescription', 'Ukrainian', N'Гаргулья - магічний сплав духу та кам''яної оболонки. На превеликий жаль магів, зв''язок між тілом і духом дуже тендітний і часто рветься. На щастя, союзники-Гіганти здатні легко повернути неживих, але не зруйнованих Гаргулій, до ладу'),
('LionWarriorName', 'Ukrainian', N'Лев'),
('LionWarriorDescription', 'Ukrainian', N'Лев - Цар звірів, приручений магами, що слухняно виконує будь-які їхні накази. Здійснюючий на розгоні величезні стрибки навіть через фронт ворога, він вселяє занепокоєння будь-яким противникам'),
('GiantWarriorName', 'Ukrainian', N'Гігант'),
('GiantWarriorDescription', 'Ukrainian', N'Гігант - ровесник самих Богів, чиє життя йде в саму Вічність. Його дух не скований тісними рамками тіла і здатний вселятися в механічні тіла Горгулій, повертаючи контроль над ними магам'),
('GenieWarriorName', 'Ukrainian', N'Джин'),
('GenieWarriorDescription', 'Ukrainian', N'Джин - Володар магії. Заради розваги викликає руйнівні землетруси та вражає ворогів смертоносним променем найчистішої магічної енергії. На знак особливої ласки наділяє своїх слуг Прискоренням і ділиться на якийсь час своїм абсолютним захистом від магії'),
('GoblinWarriorName', 'Ukrainian', N'Гоблін'),
('GoblinWarriorDescription', 'Ukrainian', N'Гобліни — легкі піші воїни, що хоробро борються за Орду. Справжні майстри пасток. Їх швидкість та винахідливість роблять їх небезпечними супротивниками, здатними раптово змінити хід бою завдяки майстерно виготовленим смертельним пасткам'),
('OrcWarriorName', 'Ukrainian', N'Орк'),
('OrcWarriorDescription', 'Ukrainian', N'Орки, завдяки своїй силі та спритності, влучно метають сокири у ворогів, але також вправно ведуть бій у ближньому бою, використовуючи свою міць і бойовий досвід'),
('WyvernWarriorName', 'Ukrainian', N'Віверна'),
('WyvernWarriorDescription', 'Ukrainian', N'Віверна — швидка та отруйна літаюча істота. Її здатність до регенерації робить її постійною загрозою в бою, здатною витримувати пошкодження та продовжувати атаку.'),
('RaiderWarriorName', 'Ukrainian', N'Наїзник'),
('RaiderWarriorDescription', 'Ukrainian', N'Наїзники на варгах можуть дуже швидко долати великі відстані.'),
('OgreWarriorName', 'Ukrainian', N'Огр'),
('OgreWarriorDescription', 'Ukrainian', N'Огр — величезний та витривалий боєць. Завдяки своїй величезній силі, він може захоплювати та переважати ворогів, перетворюючи його на грізну силу на полі бою.'),
('CyclopWarriorName', 'Ukrainian', N'Циклоп'),
('CyclopWarriorDescription', 'Ukrainian', N'Циклоп — могутній герой Орди, відомий своїм величезним розміром і силою. Його міць дозволяє руйнувати будівлі та знищувати ворожі укріплення, роблячи його страшною загрозою на полі бою.'),

('WallBuildingName', 'English', N'Wall'),
('WallBuildingDescription', 'English', N'Wall'),
('TowerBuildingName', 'English', N'Tower'),
('TowerBuildingDescription', 'English', N'Tower'),
('TreeWallBuildingName', 'English', N'Tree Wall'),
('TreeWallBuildingDescription', 'English', N'Tree Wall'),
('TrapBuildingName', 'English', N'Trap'),
('TrapBuildingDescription', 'English', N'Trap'),
('TreeBuildingName', 'English', N'Tree'),
('TreeBuildingDescription', 'English', N'Tree'),

('WallBuildingName', 'Russian', N'Стена'),
('WallBuildingDescription', 'Russian', N'Стена'),
('TowerBuildingName', 'Russian', N'Башня'),
('TowerBuildingDescription', 'Russian', N'Башня'),
('TreeWallBuildingName', 'Russian', N'Стена Леса'),
('TreeWallBuildingDescription', 'Russian', N'Стена Леса'),
('TrapBuildingName', 'Russian', N'Ловушка'),
('TrapBuildingDescription', 'Russian', N'Ловушка'),
('TreeBuildingName', 'Russian', N'Дерево'),
('TreeBuildingDescription', 'Russian', N'Дерево'),

('WallBuildingName', 'Ukrainian', N'Стіна'),
('WallBuildingDescription', 'Ukrainian', N'Стіна'),
('TowerBuildingName', 'Ukrainian', N'Башта'),
('TowerBuildingDescription', 'Ukrainian', N'Вежа'),
('TreeWallBuildingName', 'Ukrainian', N'Стіна Лісу'),
('TreeWallBuildingDescription', 'Ukrainian', N'Стіна Лісу'),
('TrapBuildingName', 'Ukrainian', N'Пастка'),
('TrapBuildingDescription', 'Ukrainian', N'Trap'),
('TreeBuildingName', 'Ukrainian', N'Дерево'),
('TreeBuildingDescription', 'Ukrainian', N'Дерево'),

('JoustAbilityName', 'English', N'Joust'),
('JoustAbilityDescription', 'English', N'Joust towards enemy and make a smashing strike  - no one can escape it'),
('FearlessAbilityName', 'English', N'Fearless'),
('FearlessAbilityDescription', 'English', N'Natural rage and humanworlf makes him fearless and unstopable in attack'),
('AgilityAbilityName', 'English', N'Agility'),
('AgilityAbilityDescription', 'English', N'Due to their agility they can escape smashing jousting strikes'),
('DesorientationAbilityName', 'English', N'Desorientation'),
('DesorientationAbilityDescription', 'English', N'While stuned he can''t use his agility skills'),
('TrapAbilityName', 'English', N'Trap'),
('TrapAbilityDescription', 'English', N'Can make a trap from Tree Wall, which takes all movement of non-elvish unit when stand there (but trap doesn''t stop shots and spells)'),
('GoblinTrapAbilityName', 'English', N'Trap'),
('GoblinTrapAbilityDescription', 'English', N'Trap'),
('AntimagicAuraAbilityName', 'English', N'Antimagic aura'),
('AntimagicAuraAbilityDescription', 'English', N'Negates all magic spells for ally units aroud Unicorn'),
('ManaFlowAbilityName', 'English', N'Mana Flow'),
('ManaFlowAbilityDescription', 'English', N'Any magic aimed on Dryad is absorbed and 1 mana can be channeled to Druid'),
('AcrobaticsAbilityName', 'English', N'Acrobatics'),
('AcrobaticsAbilityDescription', 'English', N'Druid can dodge shots, when not stuned'),
('DeadBodyAbilityName', 'English', N'Dead corpse'),
('DeadBodyAbilityDescription', 'English', N'Dead corpse feels no pain, and usual piercing shotsmake him no damage'),
('DeadeaterAbilityName', 'English', N'Deadeater'),
('DeadeaterAbilityDescription', 'English', N'Spending a round Mutant can heal himself by eating any dead (except nonliving) corpse, and gets 1 life, but not more initial'),
('GhostBodyAbilityName', 'English', N'Nonliving'),
('GhostBodyAbilityDescription', 'English', N'Defeated Ghost leaves only thin matter that holded a spirit, that matter can not be used'),
('GolemBodyAbilityName', 'English', N'Nonliving'),
('GolemBodyAbilityDescription', 'English', N'Broken mechanism of golem can not be used in any way, because of no life in it, golem is magically animated'),
('GargoyleBodyAbilityName', 'English', N'Nonliving'),
('GargoyleBodyAbilityDescription', 'English', N'Defeated Gargoyle leaves only lifeless shell, that cannot be used, except by Giant to be revived'),
('InspirableAbilityName', 'English', N'Inspirable'),
('InspirableAbilityDescription', 'English', N'Defeated by shot or magic the elemental spirit of Gargoyle looses the connection with body. The body may be inspired by Giant and Gargoyle will live again. But broken body can not be connected with spirit again'),
('JumpAbilityName', 'English', N'Jump'),
('JumpAbilityDescription', 'English', N'Accelerated while running 2 cells (with only weak maneuvring and without attacks) Lion can jump over the enemy unit next 2 cells (in free place) and perform usual attack'),
('RegenerationAbilityName', 'English', N'Regeneration'),
('RegenerationAbilityDescription', 'English', N'Regeneration restores 1 HP after some rounds passed'),
('LimitedAmmoAbilityName', 'English', N'Limited Ammo'),
('LimitedAmmoAbilityDescription', 'English', N'Limitation makes impossible to shoot, when all ammo is fired'),
('GrabAbilityName', 'English', N'Grab'),
('GrabAbilityDescription', 'English', N'Could grab small and slow target and immediately use it as low-damage weapon on other opponent'),
('SecondChanceAbilityName', 'English', N'Second chance'),
('SecondChanceAbilityDescription', 'English', N'Targeted by shot or magic Goblin Raider falls off defeated Varg and fights as usual Goblin. But melee attack is the last for both'),

('JoustAbilityName', 'Russian', N'Наскок'),
('JoustAbilityDescription', 'Russian', N'Разогнавшись без резких маневров и атак, с мощным выпадом в конце пути можно сокрушить почти любого воина в защите'),
('FearlessAbilityName', 'Russian', N'Бесстрашие'),
('FearlessAbilityDescription', 'Russian', N'Природная ярость и жестокая дрессировка людей сделала Слона бесстрашным и неостановимым в атаке'),
('AgilityAbilityName', 'Russian', N'Ловкость'),
('AgilityAbilityDescription', 'Russian', N'Уклоняются от Наскоков конников, с помощью развитой реакции и тренированной ловкости'),
('DesorientationAbilityName', 'Russian', N'Дезориентация'),
('DesorientationAbilityDescription', 'Russian', N'Под обездвиживающими воздействиями не может использовать свои Ловкостные умения'),
('TrapAbilityName', 'Russian', N'Ловушка'),
('TrapAbilityDescription', 'Russian', N'Из Cтены деревьев могут сделать ловушку, которая отнимает ходы попавшего туда не эльфа, и она уже простреливается (в отличие от стены)'),
('GoblinTrapAbilityName', 'Russian', N'Ловушка'),
('GoblinTrapAbilityDescription', 'Russian', N'Ловушка'),
('AntimagicAuraAbilityName', 'Russian', N'Аура антимагии'),
('AntimagicAuraAbilityDescription', 'Russian', N'Отклоняет магические воздействия направленные на дружественных существ эльфов возле себя'),
('ManaFlowAbilityName', 'Russian', N'Проводник магии'),
('ManaFlowAbilityDescription', 'Russian', N'Любая магия направленная на Дриаду поглощается ею и может быть перенаправлена Друиду'),
('AcrobaticsAbilityName', 'Russian', N'Акробат'),
('AcrobaticsAbilityDescription', 'Russian', N'Акробатика позволяет Друиду увернуться от выстрелов, если он не обездвижен'),
('DeadBodyAbilityName', 'Russian', N'Мёртвое тело'),
('DeadBodyAbilityDescription', 'Russian', N'Мёртвое тело не чувствует боли, поэтому обычные стрелы не причиняют ему никакого вреда'),
('DeadeaterAbilityName', 'Russian', N'Трупоглот'),
('DeadeaterAbilityDescription', 'Russian', N'Затратив ход Мутант может навсегда поглотить труп жившего существа и нежити (т.е. кроме безжизненных существ), восстановив себе 1 жизнь, но не более исходной'),
('GhostBodyAbilityName', 'Russian', N'Безжизненность'),
('GhostBodyAbilityDescription', 'Russian', N'Пораженный призрак оставляет лишь тонкую сущность своего бывшего тела, которую нельзя воскресить или использовать'),
('GolemBodyAbilityName', 'Russian', N'Безжизненность'),
('GolemBodyAbilityDescription', 'Russian', N'Разбитый механизм голема не может быть использован, поскольку не имеет жизни'),
('GargoyleBodyAbilityName', 'Russian', N'Безжизненность'),
('GargoyleBodyAbilityDescription', 'Russian', N'Поверженная Горгулья оставляет после себя безжизненную оболочку, которую нельзя использовать, лишь Гигант может её оживить'),
('InspirableAbilityName', 'Russian', N'Одушевление'),
('InspirableAbilityDescription', 'Russian', N'Поверженный магией или выстрелом, стихийный дух Горгульи теряет связь с телом. Само тело может быть одушевлено Гигантом. Разрушеное тело не может быть оживлено'),
('JumpAbilityName', 'Russian', N'Прыжок'),
('JumpAbilityDescription', 'Russian', N'Разбежавшись 2 клетки без резких маневров и атак, Лев может совершить прыжок на следующие 2 клетки (на свободное место) по движению, перепрыгивая через юнита и совершить 1 обычный удар'),
('RegenerationAbilityName', 'Russian', N'Регенерация'),
('RegenerationAbilityDescription', 'Russian', N'Регенерация восполняет 1 ОЗ по прошествии определённого количества раундов'),
('LimitedAmmoAbilityName', 'Russian', N'Лимит боеприпасов'),
('LimitedAmmoAbilityDescription', 'Russian', N'Ограниченные боеприпасы позволяют сделать только несколько выстрелов, после чего стрельба невозможна'),
('GrabAbilityName', 'Russian', N'Захват'),
('GrabAbilityDescription', 'Russian', N'Схватив мелкого медленного противника, может сразу ударить им как оружием с меньшим уроном, нанося повреждения обоим'),
('SecondChanceAbilityName', 'Russian', N'Второй шанс'),
('SecondChanceAbilityDescription', 'Russian', N'Гоблин может прикрыться от стрелкового или магического урона, жертвуя Варгом и продолжить биться как пехотинец, ближняя же атака приведёт к погибели обоих'),

('JoustAbilityName', 'Ukrainian', N'Таран'),
('JoustAbilityDescription', 'Ukrainian', N'Розігнавшись без різких маневрів та атак, з потужним випадом наприкінці шляху можна знищити майже будь-якого воїна в захисті'),
('FearlessAbilityName', 'Ukrainian', N'Безстрашність'),
('FearlessAbilityDescription', 'Ukrainian', N'Природна лють та жорстоке дресирування людей зробили Слона безстрашним та невпинним у атаці'),
('AgilityAbilityName', 'Ukrainian', N'Спритність'),
('AgilityAbilityDescription', 'Ukrainian', N'Ухиляються від Таранів вершників завдяки розвиненій реакції та тренованій спритності'),
('DesorientationAbilityName', 'Ukrainian', N'Дезорієнтація'),
('DesorientationAbilityDescription', 'Ukrainian', N'Під знерухомлюючим впливом не може використовувати свої навички Спритності'),
('TrapAbilityName', 'Ukrainian', N'Пастка'),
('TrapAbilityDescription', 'Ukrainian', N'Зі Стіни дерев можуть зробити пастку, яка забирає ходи не-ельфа, що потрапив туди, і вона вже прострілюється (на відміну від стіни)'),
('GoblinTrapAbilityName', 'Ukrainian', N'Пастка'),
('GoblinTrapAbilityDescription', 'Ukrainian', N'Пастка'),
('AntimagicAuraAbilityName', 'Ukrainian', N'Аура антимагії'),
('AntimagicAuraAbilityDescription', 'Ukrainian', N'Відхиляє магічні впливи, спрямовані на дружніх істот ельфів поблизу себе'),
('ManaFlowAbilityName', 'Ukrainian', N'Провідник магії'),
('ManaFlowAbilityDescription', 'Ukrainian', N'Будь-яка магія, спрямована на Дріаду, поглинається нею і може бути перенаправлена Друїду'),
('AcrobaticsAbilityName', 'Ukrainian', N'Акробат'),
('AcrobaticsAbilityDescription', 'Ukrainian', N'Акробатика дозволяє Друїду ухилитися від пострілів, якщо він не знерухомлений'),
('DeadBodyAbilityName', 'Ukrainian', N'Мертве тіло'),
('DeadBodyAbilityDescription', 'Ukrainian', N'Мертве тіло не відчуває болю, тому звичайні стріли не завдають йому жодної шкоди'),
('DeadeaterAbilityName', 'Ukrainian', N'Трупожер'),
('DeadeaterAbilityDescription', 'Ukrainian', N'Витративши хід, Мутант може назавжди поглинути труп живої істоти чи нежиті (тобто крім безжиттєвих істот), відновивши собі 1 життя, але не більше початкового'),
('GhostBodyAbilityName', 'Ukrainian', N'Безжиттєвість'),
('GhostBodyAbilityDescription', 'Ukrainian', N'Переможений привид залишає лише тонку сутність свого колишнього тіла, яку не можна воскресити чи використати'),
('GolemBodyAbilityName', 'Ukrainian', N'Безжиттєвість'),
('GolemBodyAbilityDescription', 'Ukrainian', N'Зламаний механізм голема не може бути використаний, оскільки не має життя'),
('GargoyleBodyAbilityName', 'Ukrainian', N'Безжиттєвість'),
('GargoyleBodyAbilityDescription', 'Ukrainian', N'Переможена Горгулья залишає після себе безжиттєву оболонку, яку не можна використати, лише Гігант може її оживити'),
('InspirableAbilityName', 'Ukrainian', N'Inspirable'),
('InspirableAbilityDescription', 'Ukrainian', N'Defeated by shot or magic the elemental spirit of Gargoyle looses the connection with body. The body may be inspired by Giant and Gargoyle will live again. But broken body can not be connected with spirit again'),
('JumpAbilityName', 'Ukrainian', N'Стрибок'),
('JumpAbilityDescription', 'Ukrainian', N'Розбігшись на 2 клітинки без різких маневрів та атак, Лев може здійснити стрибок на наступні 2 клітинки (на вільне місце) за рухом, перестрибуючи через юніта і завдати 1 звичайний удар'),
('RegenerationAbilityName', 'Ukrainian', N'Регенерація'),
('RegenerationAbilityDescription', 'Ukrainian', N'Регенерація'),
('LimitedAmmoAbilityName', 'Ukrainian', N'Ліміт поєприпасів'),
('LimitedAmmoAbilityDescription', 'Ukrainian', N'Ліміт поєприпасів'),
('GrabAbilityName', 'Ukrainian', N'Cхопити'),
('GrabAbilityDescription', 'Ukrainian', N'Cхопити'),
('SecondChanceAbilityName', 'Ukrainian', N'Другий шанс'),
('SecondChanceAbilityDescription', 'Ukrainian', N'Targeted by shot or magic Goblin Raider falls off defeated Varg and fights as usual Goblin. But melee attack is the last for both'),

('ShineSpellName', 'English', N'Shine'),
('ShineSpellDescription', 'English', N'Heavenly Shine blinds enemies around Knight'),
('HealSpellName', 'English', N'Heal'),
('HealSpellDescription', 'English', N'Prays for his wounded ally and calls light powers to heal 1 life'),
('EntRootsSpellName', 'English', N'Roots'),
('EntRootsSpellDescription', 'English', N'Roots grab enemy nearby Ent and hold them 1 round'),
('DruidRootsSpellName', 'English', N'Roots'),
('DruidRootsSpellDescription', 'English', N'Roots grab enemy nearby Druid and hold them 1 round'),
('TreeWallSpellName', 'English', N'Tree Wall'),
('TreeWallSpellDescription', 'English', N'Calling to nature Druid raises trees, that immediately make a wall'),
('ChantedArrowSpellName', 'English', N'Chanted Arrow'),
('ChantedArrowSpellDescription', 'English', N'Chanted arrow strikes further and does ripping damage that negates all shotprotections'),
('WeaknessSpellName', 'English', N'Weakness'),
('WeaknessSpellDescription', 'English', N'Takes half or more movement points of enemy in Lich''s sight, effect lasts on oppenent''s  turn'),
('FearScreamSpellName', 'English', N'Fear scream'),
('FearScreamSpellDescription', 'English', N'A fearsome outofthegrave scream makes one enemy unit freeze in fear, the magical hypnotize effect lasts on oppenent''s  turn'),
('VampireDrainLifeSpellName', 'English', N'Drain life'),
('VampireDrainLifeSpellDescription', 'English', N'Makes a magical stream that brings enemy life to him, and this heal Vampire by 1 life, but not more initial'),
('VampireFearSpellName', 'English', N'Fear'),
('VampireFearSpellDescription', 'English', N'With his strong will Vampires fears and hypnotizes one enemy unit, making him inactive, the effect lasts until next Vampire''s turn'),
('RiseUndeadSpellName', 'English', N'Rise Undead'),
('RiseUndeadSpellDescription', 'English', N'The Dark will and energy of Vampire can be concentrated on allied Undead, increasing it''s life by 1 (but not more initial), or rising defeated Undead with 1 life'),
('AliveShieldSpellName', 'English', N'Alive Shield'),
('AliveShieldSpellDescription', 'English', N'Protects 1 allied unit from shots, the unit should be visible'),
('GiantInspiringSpellName', 'English', N'Inspiring'),
('GiantInspiringSpellDescription', 'English', N'The part of Giant''s spirit transfers to Gargoyle, bringing life in Gargoyle''s body again'),
('GenieHasteSpellName', 'English', N'Haste'),
('GenieHasteSpellDescription', 'English', N'Instantly adds 1 movement to one of allied unit in line of sight'),
('GenieAntimagicSpellName', 'English', N'Antimagic'),
('GenieAntimagicSpellDescription', 'English', N'Takes off all magic effects from ally in line of sight and protects from spells until next turn'),
('GenieRaySpellName', 'English', N'Ray'),
('GenieRaySpellDescription', 'English', N'Fires magical ray in single enemy within line of sight that deals 1 damage to enemy'),
('GenieEarthquakeSpellName', 'English', N'Earthquake'),
('GenieEarthquakeSpellDescription', 'English', N'Causes a power wave in earth that stun anyone around Genie and deals 1 damage to all objects nearby'),

('ShineSpellName', 'Russian', N'Ореол'),
('ShineSpellDescription', 'Russian', N'Божественный Ореол ослепляет врагов вокруг Рыцаря, лишая их боеспособности'),
('HealSpellName', 'Russian', N'Лечение'),
('HealSpellDescription', 'Russian', N'Возносит молитву Свету, исцеляя одного воина неподалёку от Рыцаря на 1 жизнь и снимает негативные заклинания'),
('EntRootsSpellName', 'Russian', N'Корни'),
('EntRootsSpellDescription', 'Russian', N'Корни хватают врага вблизи Энта и удерживают его один ход'),
('DruidRootsSpellName', 'Russian', N'Корни'),
('DruidRootsSpellDescription', 'Russian', N'Корни появляются из-под земли неподалеку от Друида, хватают и удерживают врага один ход'),
('TreeWallSpellName', 'Russian', N'Стена леса'),
('TreeWallSpellDescription', 'Russian', N'Мгновенное выращивание сплошной стены из деревьев'),
('ChantedArrowSpellName', 'Russian', N'Искра стрела'),
('ChantedArrowSpellDescription', 'Russian', N'Выстрел Искрой достает дальше, чем обычный выстрел, и всегда наносит урон (вне зависимости от свойств цели)'),
('WeaknessSpellName', 'Russian', N'Замедление'),
('WeaknessSpellDescription', 'Russian', N'Отнимает больше половины движения у одного врага в зоне видимости Лича, эффект действует на время хода врага'),
('FearScreamSpellName', 'Russian', N'Крик ужаса'),
('FearScreamSpellDescription', 'Russian', N'От ужасающего загробного крика и вида Кошмара один враг впадает в оцепенение от осознания скорой смерти, эффект магического гипноза продолжается и на ход Кошмара и на ход врага'),
('VampireDrainLifeSpellName', 'Russian', N'Изъятие жизни'),
('VampireDrainLifeSpellDescription', 'Russian', N'Может магическим образом изъять часть жизни из видимого им врага на расстоянии и добавить себе 1 жизнь, но не более исходной'),
('VampireFearSpellName', 'Russian', N'Ужас'),
('VampireFearSpellDescription', 'Russian', N'Используя силу мысли и гипноза ввергает врага в страх, лишая его возможности действовать, и на ходу Вампира(при применении) и на ходу врага, спадая с следующему ходу Вампира'),
('RiseUndeadSpellName', 'Russian', N'Поднятие нежити'),
('RiseUndeadSpellDescription', 'Russian', N'Темная энергия источаемая Вампиром, может быть им сконцентрирована на нежити, давая 1 жизнь (но не более исходных), либо поднимая сраженную нежить из трупов с 1 жизнью'),
('AliveShieldSpellName', 'Russian', N'Живой щит'),
('AliveShieldSpellDescription', 'Russian', N'Защищает одного видимого соратника от выстрелов'),
('GiantInspiringSpellName', 'Russian', N'Переселение духа'),
('GiantInspiringSpellDescription', 'Russian', N'Дух гиганта переносится в горгулию, одушевляя ее механическое тело'),
('GenieHasteSpellName', 'Russian', N'Ускорение'),
('GenieHasteSpellDescription', 'Russian', N'Добавляет 1 передвижение 1 своему воину в пределах видимости, в течении хода, когда применено'),
('GenieAntimagicSpellName', 'Russian', N'Антимагия'),
('GenieAntimagicSpellDescription', 'Russian', N'Снимает все заклинания с 1 своего воина в пределах видимости на данный ход и защищает от заклинаний до следущего хода'),
('GenieRaySpellName', 'Russian', N'Луч'),
('GenieRaySpellDescription', 'Russian', N'Стреляет мощным магическим разрядом в 1 врага в пределах видимости, отнимая 1 жизнь'),
('GenieEarthquakeSpellName', 'Russian', N'Землетрясение'),
('GenieEarthquakeSpellDescription', 'Russian', N'Вызывает мощнейшую волну колебаний в земле, оглушая любого вокруг Джинна и нанося 1 урона всем объектам в зоне поражения'),

('ShineSpellName', 'Ukrainian', N'Ореол'),
('ShineSpellDescription', 'Ukrainian', N'Божественний Ореол засліплює ворогів навколо Лицаря, позбавляючи їх боєздатності'),
('HealSpellName', 'Ukrainian', N'Зцілення'),
('HealSpellDescription', 'Ukrainian', N'Молиться за пораненого союзника, закликаючи сили світла зцілити його на 1 життя і знімає негативне заклинання'),
('EntRootsSpellName', 'Ukrainian', N'Коріння'),
('EntRootsSpellDescription', 'Ukrainian', N'Коріння хапає ворога біля Ента і утримує його один хід'),
('DruidRootsSpellName', 'Ukrainian', N'Коріння'),
('DruidRootsSpellDescription', 'Ukrainian', N'Коріння виростає з-під землі поблизу Друїда і утримує ворога один хід'),
('TreeWallSpellName', 'Ukrainian', N'Стіна лісу'),
('TreeWallSpellDescription', 'Ukrainian', N'Викликаючи природу, Друїд піднімає дерева, які негайно утворюють стіну'),
('ChantedArrowSpellName', 'Ukrainian', N'Зачарована стріла'),
('ChantedArrowSpellDescription', 'Ukrainian', N'Зачарована стріла б''є далі і завдає проривного удару, ігноруючи всі захисти від стріл'),
('WeaknessSpellName', 'Ukrainian', N'Уповільнення'),
('WeaknessSpellDescription', 'Ukrainian', N'Забирає більше половини очок руху у одного ворога в зоні видимості Ліча, ефект діє на хід противника'),
('FearScreamSpellName', 'Ukrainian', N'Крик жаху'),
('FearScreamSpellDescription', 'Ukrainian', N'Жахливий загробний крик змушує одного ворога застигнути від страху, магічний гіпноз триває на хід ворога'),
('VampireDrainLifeSpellName', 'Ukrainian', N'Drain life'),
('VampireDrainLifeSpellDescription', 'Ukrainian', N'Магічним потоком висмоктує життя у ворога, додаючи вампіру 1 життя, але не більше початкового'),
('VampireFearSpellName', 'Ukrainian', N'Жах'),
('VampireFearSpellDescription', 'Ukrainian', N'Вампір за допомогою сили волі та гіпнозу вселяє страх в одного ворога, роблячи його неактивним, ефект триває до наступного ходу вампіра'),
('RiseUndeadSpellName', 'Ukrainian', N'Підняття нежиті'),
('RiseUndeadSpellDescription', 'Ukrainian', N'Темна енергія, яку випромінює Вампір, може бути сконцентрована на нежиті, додаючи 1 життя (але не більше початкового), або піднімаючи переможену нежить з 1 життям'),
('AliveShieldSpellName', 'Ukrainian', N'Живий щит'),
('AliveShieldSpellDescription', 'Ukrainian', N'Захищає одного видимого союзника від пострілів'),
('GiantInspiringSpellName', 'Ukrainian', N'Переселення духа'),
('GiantInspiringSpellDescription', 'Ukrainian', N'Частина духу гіганта переноситься в горгулію, знову оживляючи її механічне тіло'),
('GenieHasteSpellName', 'Ukrainian', N'Прискорення'),
('GenieHasteSpellDescription', 'Ukrainian', N'Миттєво додає 1 рух одному з союзних воїнів у межах видимості'),
('GenieAntimagicSpellName', 'Ukrainian', N'Антимагія'),
('GenieAntimagicSpellDescription', 'Ukrainian', N'Знімає всі магічні ефекти з одного союзника в межах видимості та захищає від заклять до наступного ходу'),
('GenieRaySpellName', 'Ukrainian', N'Промінь'),
('GenieRaySpellDescription', 'Ukrainian', N'Випускає магічний промінь у одного ворога в межах видимості, завдаючи 1 шкоди'),
('GenieEarthquakeSpellName', 'Ukrainian', N'Землетрус'),
('GenieEarthquakeSpellDescription', 'Ukrainian', N'Спричиняє потужну хвилю коливань у землі, оглушаючи всіх навколо Джина і завдаючи 1 шкоди всім об''єктам поблизу'),

('TankTraitName', 'English', N'Siege warrior'),
('TankTraitDescription', 'English', N'Could breach the buildings, spending whole round'),
('AceTraitName', 'English', N'Ace'),
('AceTraitDescription', 'English', N'Ace could fight in melee and make shots with equal mastery'),
('DoubleAttackTraitName', 'English', N'Double Attack'),
('DoubleAttackTraitDescription', 'English', N'Could do up to 2 (excluding Block fight) melee attacks within 1 step'),
('MagicImmuneTraitName', 'English', N'Magic Immune'),
('MagicImmuneTraitDescription', 'English', N'Makes impossible to apply magic effects and spells'),
('RangedTraitName', 'English', N'Ranged'),
('RangedTraitDescription', 'English', N'Standard shooting mode, round over round'),
('BlockFreeTraitName', 'English', N'Block Free'),
('BlockFreeTraitDescription', 'English', N'Could quit the melee fight'),
('AlignedFireTraitName', 'English', N'Aligned Fire'),
('AlignedFireTraitDescription', 'English', N'When fully prepared, could shoot 2 rounds in a row'),

('TankTraitName', 'Russian', N'Осадный боец'),
('TankTraitDescription', 'Russian', N'Может атаковать строения тратя ход'),
('AceTraitName', 'Russian', N'Ас'),
('AceTraitDescription', 'Russian', N'Ас с равной эффективностью владеет и стрельбой и ближним боем'),
('DoubleAttackTraitName', 'Russian', N'Двойная атака'),
('DoubleAttackTraitDescription', 'Russian', N'В течение одного шага может делать до 2 (в неблокирующем бою) ближних атак'),
('MagicImmuneTraitName', 'Russian', N'Иммунитет к магии'),
('MagicImmuneTraitDescription', 'Russian', N'Исключает возможность накладывать магические эффекты на цель'),
('RangedTraitName', 'Russian', N'Стрелок'),
('RangedTraitDescription', 'Russian', N'Стандартный режим стрельбы раунд через раунд'),
('BlockFreeTraitName', 'Russian', N'Бой без блока'),
('BlockFreeTraitDescription', 'Russian', N'Может выйти из ближнего боя'),
('AlignedFireTraitName', 'Russian', N'Пристрелка'),
('AlignedFireTraitDescription', 'Russian', N'При полной изготовке может стрелять подряд 2 раунда'),

('TankTraitName', 'Ukrainian', N'Облоговий боєць'),
('TankTraitDescription', 'Ukrainian', N'Може атакувати споруди витрачаючи хід'),
('AceTraitName', 'Ukrainian', N'Ас'),
('AceTraitDescription', 'Ukrainian', N'Ас з однаковою ефективністю володіє і стрільбою, і ближнім боєм'),
('DoubleAttackTraitName', 'Ukrainian', N'Подвійна атака'),
('DoubleAttackTraitDescription', 'Ukrainian', N'Протягом одного кроку може робити до 2 ближніх атак'),
('MagicImmuneTraitName', 'Ukrainian', N'Імунітет до магії'),
('MagicImmuneTraitDescription', 'Ukrainian', N'Виключає можливість накладати магічні ефекти на ціль'),
('RangedTraitName', 'Ukrainian', N'Стрілок'),
('RangedTraitDescription', 'Ukrainian', N'Стандартний режим стрільби раунд через раунд'),
('BlockFreeTraitName', 'Ukrainian', N'Block Free'),
('BlockFreeTraitDescription', 'Ukrainian', N'Може відступити з ближнього бою'),
('AlignedFireTraitName', 'Ukrainian', N'Пристрілка'),
('AlignedFireTraitDescription', 'Ukrainian', N'При повній готовності може стріляти поспіль 2 раунди')
;


INSERT INTO "Maps" ("Id", "Version", "Width", "Height", "Factions", "SceneBackground") VALUES
('IntactBasic', 1, 15, 15, 'Humans,Elves,Necros,Mages,Horde', 'grass_light'), 
('SiegeBasic', 1, 15, 10, 'Humans,Elves,Necros,Mages,Horde', 'cmbksnmt'), 
('EdgeTowers', 1, 10, 10, 'Humans,Elves,Necros,Mages,Horde', 'cmbksnmt'), 
('TwilightForest', 1, 20, 20, 'Humans,Elves,Necros,Mages,Horde', 'grass_dark')
;
INSERT INTO "PlayerOptions" ("MapId", "Number", "Money", "Color", "Left", "Right", "Top", "Bottom") VALUES
('IntactBasic', 1, 40, 255, 1, 3, 1, 7), 
('IntactBasic', 2, 40, 16711935, 13, 15, 9, 15), 
('SiegeBasic', 1, 45, 255, 1, 3, 1, 10), 
('SiegeBasic', 2, 30, 16711935, 14, 15, 1, 10), 
('EdgeTowers', 1, 40, 255, 1, 2, 1, 10), 
('EdgeTowers', 2, 40, 16711935, 9, 10, 1, 10), 
('TwilightForest', 1, 40, 255, 1, 4, 1, 6), 
('TwilightForest', 2, 40, 16711935, 17, 20, 15, 20)
;
INSERT INTO "MapBuildings" ("MapId", "Number", "Proto", "X", "Y") VALUES
('EdgeTowers', 0, 'Tower', 1, 1), 
('EdgeTowers', 1, 'Tower', 1, 10), 
('EdgeTowers', 2, 'Tower', 10, 1), 
('EdgeTowers', 3, 'Tower', 10, 10), 
('EdgeTowers', 4, 'Wall', 4, 3), 
('EdgeTowers', 5, 'Wall', 5, 3), 
('EdgeTowers', 6, 'Wall', 6, 3), 
('EdgeTowers', 7, 'Wall', 7, 3), 
('EdgeTowers', 8, 'Wall', 4, 8), 
('EdgeTowers', 9, 'Wall', 5, 8), 
('EdgeTowers', 10, 'Wall', 6, 8), 
('EdgeTowers', 11, 'Wall', 7, 8), 
('EdgeTowers', 12, 'Wall', 3, 4), 
('EdgeTowers', 13, 'Wall', 3, 5), 
('EdgeTowers', 14, 'Wall', 3, 6), 
('EdgeTowers', 15, 'Wall', 3, 7), 
('EdgeTowers', 16, 'Wall', 8, 4), 
('EdgeTowers', 17, 'Wall', 8, 5), 
('EdgeTowers', 18, 'Wall', 8, 6), 
('EdgeTowers', 19, 'Wall', 8, 7), 
('IntactBasic', 0, 'Tower', 6, 8), 
('IntactBasic', 1, 'Wall', 4, 4), 
('IntactBasic', 2, 'Wall', 5, 4), 
('IntactBasic', 3, 'Wall', 6, 4), 
('IntactBasic', 4, 'Wall', 10, 4), 
('IntactBasic', 5, 'Wall', 11, 4), 
('IntactBasic', 6, 'Wall', 12, 4), 
('IntactBasic', 7, 'Wall', 4, 12), 
('IntactBasic', 8, 'Wall', 5, 12), 
('IntactBasic', 9, 'Wall', 6, 12), 
('IntactBasic', 10, 'Wall', 10, 12), 
('IntactBasic', 11, 'Wall', 11, 12), 
('IntactBasic', 12, 'Wall', 12, 12), 
('IntactBasic', 13, 'Tower', 10, 8), 
('SiegeBasic', 0, 'Trap', 11, 1), 
('SiegeBasic', 1, 'Tower', 12, 1), 
('SiegeBasic', 2, 'Trap', 11, 2), 
('SiegeBasic', 3, 'Wall', 12, 2), 
('SiegeBasic', 4, 'Trap', 11, 3), 
('SiegeBasic', 5, 'Wall', 12, 3), 
('SiegeBasic', 6, 'Wall', 12, 4), 
('SiegeBasic', 7, 'Trap', 11, 5), 
('SiegeBasic', 8, 'Tower', 14, 5), 
('SiegeBasic', 9, 'Trap', 11, 6), 
('SiegeBasic', 10, 'Tower', 14, 6), 
('SiegeBasic', 11, 'Wall', 12, 7), 
('SiegeBasic', 12, 'Trap', 11, 8), 
('SiegeBasic', 13, 'Wall', 12, 8), 
('SiegeBasic', 14, 'Trap', 11, 9), 
('SiegeBasic', 15, 'Wall', 12, 9), 
('SiegeBasic', 16, 'Trap', 11, 10), 
('SiegeBasic', 17, 'Tower', 12, 10), 
('SiegeBasic', 18, 'Trap', 11, 4), 
('SiegeBasic', 19, 'Trap', 11, 7)
;
INSERT INTO "Spells"("Id", "Mechanics", "Target", "Use", "Kind", "Cost", "Range", "AssetId") VALUES 
('Shine', 'Stun', 3, 1, 1, 2, 2, 'Shine'),
('Heal', 'Heal', 2, 3, 1, 3, 2, 'Heal'),
('EntRoots', 'Stun', 2, 2, 2, 1, 3, 'EntRoots'),
('DruidRoots', 'Stun', 2, 2, 2, 1, 3, 'DruidRoots'),
('TreeWall', 'TreeWall', 1, 3, 2, 5, 1, 'TreeWall'),
('ChantedArrow', 'Arrow', 3, 4, 2, 1, 1, 'ChantedArrow'),
('Weakness', 'Curse', 2, 3, 1, 1, 2, 'Weakness'),
('FearScream', 'Stun', 3, 1, 1, 1, 2, 'FearScream'),
('VampireDrainLife', 'Drain', 2, 2, 1, 1, 2, 'DrainLife'),
('VampireFear', 'Stun', 2, 3, 1, 1, 2, 'Fear'),
('RiseUndead', 'Rise', 2, 2, 1, 1, 1, 'RiseUndead'),
('AliveShield', 'Shield', 2, 3, 1, 3, 2, 'AliveShield'),
('GiantInspiring', 'Inspire', 2, 4, 1, 3, 1, 'GiantInspiring'),
('GenieHaste', 'Haste', 2, 3, 1, 3, 2, 'Haste'),
('GenieAntimagic', 'DeMagic', 1, 3, 1, 3, 2, 'Antimagic'),
('GenieRay', 'Ray', 2, 3, 1, 1, 2, 'Ray'),
('GenieEarthquake', 'Equake', 3, 1, 2, 6, 1, 'Earthquake')
;
INSERT INTO "Traits"("Id", "AssetId") VALUES
('Tank', 'Tank'),
('Ace', 'Ace'),
('DoubleAttack', 'DoubleAttack'),
('MagicImmune', 'MagicImmune'),
('Ranged', 'Ranged'),
('BlockFree', 'BlockFree'),
('AlignedFire', 'AlignedFire')
;
